Plaza ID,Date,Hour,Direction,# Vehicles - E-ZPass,# Vehicles - VToll
21,08/06/2022,0,I,2820,649
21,08/06/2022,1,I,2124,474
21,08/06/2022,2,I,1617,391
21,08/06/2022,3,I,1228,358
21,08/06/2022,4,I,1604,368
21,08/06/2022,5,I,1987,385
21,08/06/2022,6,I,3472,607
21,08/06/2022,7,I,4544,852
21,08/06/2022,8,I,4705,873
21,08/06/2022,9,I,5595,1044
21,08/06/2022,10,I,5950,1182
21,08/06/2022,11,I,6542,1281
21,08/06/2022,12,I,7238,1588
21,08/06/2022,13,I,7267,1557
21,08/06/2022,14,I,7060,1436
21,08/06/2022,15,I,6663,1462
21,08/06/2022,16,I,6756,1474
21,08/06/2022,17,I,7218,1479
21,08/06/2022,18,I,6667,1412
21,08/06/2022,19,I,6201,1331
21,08/06/2022,20,I,5400,1159
21,08/06/2022,21,I,5439,1230
21,08/06/2022,22,I,6058,1296
21,08/06/2022,23,I,5782,1270
22,08/06/2022,0,O,890,235
22,08/06/2022,1,O,548,152
22,08/06/2022,2,O,462,118
22,08/06/2022,3,O,396,96
22,08/06/2022,4,O,476,78
22,08/06/2022,5,O,631,98
22,08/06/2022,6,O,890,127
22,08/06/2022,7,O,1370,232
22,08/06/2022,8,O,1605,257
22,08/06/2022,9,O,1929,290
22,08/06/2022,10,O,2526,375
22,08/06/2022,11,O,2754,482
22,08/06/2022,12,O,2472,433
22,08/06/2022,13,O,1948,364
22,08/06/2022,14,O,2363,478
22,08/06/2022,15,O,2524,514
22,08/06/2022,16,O,2583,522
22,08/06/2022,17,O,2307,499
22,08/06/2022,18,O,1894,346
22,08/06/2022,19,O,1804,413
22,08/06/2022,20,O,1732,393
22,08/06/2022,21,O,1532,356
22,08/06/2022,22,O,1666,396
22,08/06/2022,23,O,1615,377
23,08/06/2022,0,I,1772,387
23,08/06/2022,0,O,1135,273
23,08/06/2022,1,I,1074,283
23,08/06/2022,1,O,868,232
23,08/06/2022,2,I,759,203
23,08/06/2022,2,O,615,170
23,08/06/2022,3,I,636,194
23,08/06/2022,3,O,723,163
23,08/06/2022,4,I,810,198
23,08/06/2022,4,O,1005,202
23,08/06/2022,5,I,1483,291
23,08/06/2022,5,O,1465,282
23,08/06/2022,6,I,2257,347
23,08/06/2022,6,O,1882,315
23,08/06/2022,7,I,2773,466
23,08/06/2022,7,O,2271,429
23,08/06/2022,8,I,3591,513
23,08/06/2022,8,O,2380,468
23,08/06/2022,9,I,3811,677
23,08/06/2022,9,O,2803,556
23,08/06/2022,10,I,3738,677
23,08/06/2022,10,O,3247,665
23,08/06/2022,11,I,3822,711
23,08/06/2022,11,O,3141,718
23,08/06/2022,12,I,3653,742
23,08/06/2022,12,O,2283,513
23,08/06/2022,13,I,3562,725
23,08/06/2022,13,O,3161,732
23,08/06/2022,14,I,3655,795
23,08/06/2022,14,O,3535,877
23,08/06/2022,15,I,3483,774
23,08/06/2022,15,O,3077,768
23,08/06/2022,16,I,3696,814
23,08/06/2022,16,O,3622,802
23,08/06/2022,17,I,3388,688
23,08/06/2022,17,O,3584,824
23,08/06/2022,18,I,3165,749
23,08/06/2022,18,O,3444,838
23,08/06/2022,19,I,3304,713
23,08/06/2022,19,O,3301,724
23,08/06/2022,20,I,2853,607
23,08/06/2022,20,O,3371,809
23,08/06/2022,21,I,3104,614
23,08/06/2022,21,O,3224,829
23,08/06/2022,22,I,3584,763
23,08/06/2022,22,O,3024,750
23,08/06/2022,23,I,3729,818
23,08/06/2022,23,O,2543,680
24,08/06/2022,0,I,437,110
24,08/06/2022,0,O,510,131
24,08/06/2022,1,I,186,47
24,08/06/2022,1,O,524,111
24,08/06/2022,2,I,85,20
24,08/06/2022,2,O,302,65
24,08/06/2022,3,I,65,16
24,08/06/2022,3,O,209,69
24,08/06/2022,4,I,126,21
24,08/06/2022,4,O,171,42
24,08/06/2022,5,I,271,57
24,08/06/2022,5,O,136,37
24,08/06/2022,6,I,631,100
24,08/06/2022,6,O,249,37
24,08/06/2022,7,I,824,161
24,08/06/2022,7,O,486,63
24,08/06/2022,8,I,1394,227
24,08/06/2022,8,O,605,79
24,08/06/2022,9,I,1702,273
24,08/06/2022,9,O,929,133
24,08/06/2022,10,I,2090,346
24,08/06/2022,10,O,1479,224
24,08/06/2022,11,I,2463,541
24,08/06/2022,11,O,1619,256
24,08/06/2022,12,I,2474,508
24,08/06/2022,12,O,1650,286
24,08/06/2022,13,I,2494,573
24,08/06/2022,13,O,1875,328
24,08/06/2022,14,I,2478,495
24,08/06/2022,14,O,1912,350
24,08/06/2022,15,I,2329,489
24,08/06/2022,15,O,1865,346
24,08/06/2022,16,I,2413,511
24,08/06/2022,16,O,1824,356
24,08/06/2022,17,I,2320,483
24,08/06/2022,17,O,1475,274
24,08/06/2022,18,I,2338,472
24,08/06/2022,18,O,1103,216
24,08/06/2022,19,I,1735,369
24,08/06/2022,19,O,1149,199
24,08/06/2022,20,I,1084,222
24,08/06/2022,20,O,1111,202
24,08/06/2022,21,I,1003,205
24,08/06/2022,21,O,1058,165
24,08/06/2022,22,I,816,166
24,08/06/2022,22,O,1077,203
24,08/06/2022,23,I,415,83
24,08/06/2022,23,O,835,159
25,08/06/2022,0,I,168,31
25,08/06/2022,0,O,109,21
25,08/06/2022,1,I,128,20
25,08/06/2022,1,O,56,15
25,08/06/2022,2,I,76,15
25,08/06/2022,2,O,71,9
25,08/06/2022,3,I,49,13
25,08/06/2022,3,O,47,6
25,08/06/2022,4,I,71,9
25,08/06/2022,4,O,56,12
25,08/06/2022,5,I,126,18
25,08/06/2022,5,O,135,16
25,08/06/2022,6,I,161,19
25,08/06/2022,6,O,236,19
25,08/06/2022,7,I,231,35
25,08/06/2022,7,O,349,22
25,08/06/2022,8,I,348,60
25,08/06/2022,8,O,415,38
25,08/06/2022,9,I,528,82
25,08/06/2022,9,O,506,42
25,08/06/2022,10,I,756,126
25,08/06/2022,10,O,521,55
25,08/06/2022,11,I,972,201
25,08/06/2022,11,O,549,67
25,08/06/2022,12,I,1039,221
25,08/06/2022,12,O,541,63
25,08/06/2022,13,I,1026,236
25,08/06/2022,13,O,556,70
25,08/06/2022,14,I,959,168
25,08/06/2022,14,O,587,76
25,08/06/2022,15,I,864,160
25,08/06/2022,15,O,610,80
25,08/06/2022,16,I,746,152
25,08/06/2022,16,O,753,94
25,08/06/2022,17,I,719,130
25,08/06/2022,17,O,708,106
25,08/06/2022,18,I,584,94
25,08/06/2022,18,O,778,111
25,08/06/2022,19,I,449,87
25,08/06/2022,19,O,699,122
25,08/06/2022,20,I,394,54
25,08/06/2022,20,O,708,93
25,08/06/2022,21,I,357,57
25,08/06/2022,21,O,564,70
25,08/06/2022,22,I,285,44
25,08/06/2022,22,O,445,61
25,08/06/2022,23,I,246,35
25,08/06/2022,23,O,380,39
26,08/06/2022,0,I,206,39
26,08/06/2022,0,O,153,36
26,08/06/2022,1,I,147,38
26,08/06/2022,1,O,88,26
26,08/06/2022,2,I,104,18
26,08/06/2022,2,O,81,10
26,08/06/2022,3,I,87,19
26,08/06/2022,3,O,58,21
26,08/06/2022,4,I,64,8
26,08/06/2022,4,O,112,23
26,08/06/2022,5,I,96,21
26,08/06/2022,5,O,176,28
26,08/06/2022,6,I,182,26
26,08/06/2022,6,O,250,37
26,08/06/2022,7,I,233,26
26,08/06/2022,7,O,343,35
26,08/06/2022,8,I,419,52
26,08/06/2022,8,O,445,57
26,08/06/2022,9,I,482,86
26,08/06/2022,9,O,442,59
26,08/06/2022,10,I,579,108
26,08/06/2022,10,O,524,72
26,08/06/2022,11,I,682,105
26,08/06/2022,11,O,574,83
26,08/06/2022,12,I,702,106
26,08/06/2022,12,O,581,97
26,08/06/2022,13,I,737,118
26,08/06/2022,13,O,654,101
26,08/06/2022,14,I,648,122
26,08/06/2022,14,O,673,125
26,08/06/2022,15,I,607,123
26,08/06/2022,15,O,740,163
26,08/06/2022,16,I,550,91
26,08/06/2022,16,O,771,159
26,08/06/2022,17,I,570,94
26,08/06/2022,17,O,775,155
26,08/06/2022,18,I,471,94
26,08/06/2022,18,O,859,197
26,08/06/2022,19,I,499,80
26,08/06/2022,19,O,725,152
26,08/06/2022,20,I,414,70
26,08/06/2022,20,O,625,126
26,08/06/2022,21,I,336,41
26,08/06/2022,21,O,467,121
26,08/06/2022,22,I,343,45
26,08/06/2022,22,O,381,82
26,08/06/2022,23,I,380,47
26,08/06/2022,23,O,244,68
27,08/06/2022,0,I,1288,176
27,08/06/2022,0,O,1596,297
27,08/06/2022,1,I,908,137
27,08/06/2022,1,O,1187,213
27,08/06/2022,2,I,619,66
27,08/06/2022,2,O,824,179
27,08/06/2022,3,I,494,52
27,08/06/2022,3,O,765,117
27,08/06/2022,4,I,353,39
27,08/06/2022,4,O,726,97
27,08/06/2022,5,I,543,89
27,08/06/2022,5,O,696,103
27,08/06/2022,6,I,1079,169
27,08/06/2022,6,O,773,95
27,08/06/2022,7,I,1221,187
27,08/06/2022,7,O,1006,146
27,08/06/2022,8,I,1410,242
27,08/06/2022,8,O,1118,157
27,08/06/2022,9,I,1866,349
27,08/06/2022,9,O,1281,175
27,08/06/2022,10,I,2162,404
27,08/06/2022,10,O,1386,244
27,08/06/2022,11,I,2152,403
27,08/06/2022,11,O,1649,254
27,08/06/2022,12,I,2043,432
27,08/06/2022,12,O,1920,330
27,08/06/2022,13,I,2185,397
27,08/06/2022,13,O,1801,292
27,08/06/2022,14,I,2192,428
27,08/06/2022,14,O,1897,352
27,08/06/2022,15,I,2200,386
27,08/06/2022,15,O,1693,350
27,08/06/2022,16,I,2186,347
27,08/06/2022,16,O,1902,326
27,08/06/2022,17,I,2220,418
27,08/06/2022,17,O,1927,372
27,08/06/2022,18,I,2263,403
27,08/06/2022,18,O,1727,310
27,08/06/2022,19,I,2178,434
27,08/06/2022,19,O,1649,326
27,08/06/2022,20,I,1927,398
27,08/06/2022,20,O,1464,307
27,08/06/2022,21,I,1920,364
27,08/06/2022,21,O,1607,330
27,08/06/2022,22,I,2128,395
27,08/06/2022,22,O,1982,410
27,08/06/2022,23,I,1920,379
27,08/06/2022,23,O,2122,413
28,08/06/2022,0,I,493,109
28,08/06/2022,0,O,743,86
28,08/06/2022,1,I,173,43
28,08/06/2022,1,O,405,61
28,08/06/2022,2,I,132,40
28,08/06/2022,2,O,270,40
28,08/06/2022,3,I,107,22
28,08/06/2022,3,O,150,25
28,08/06/2022,4,I,73,19
28,08/06/2022,4,O,99,15
28,08/06/2022,5,I,225,42
28,08/06/2022,5,O,65,13
28,08/06/2022,6,I,640,89
28,08/06/2022,6,O,88,17
28,08/06/2022,7,I,962,135
28,08/06/2022,7,O,242,43
28,08/06/2022,8,I,1156,173
28,08/06/2022,8,O,420,71
28,08/06/2022,9,I,1409,181
28,08/06/2022,9,O,582,100
28,08/06/2022,10,I,1706,235
28,08/06/2022,10,O,763,138
28,08/06/2022,11,I,1875,288
28,08/06/2022,11,O,952,175
28,08/06/2022,12,I,1903,305
28,08/06/2022,12,O,1082,207
28,08/06/2022,13,I,1749,307
28,08/06/2022,13,O,1238,207
28,08/06/2022,14,I,1768,289
28,08/06/2022,14,O,1314,221
28,08/06/2022,15,I,1174,200
28,08/06/2022,15,O,1539,256
28,08/06/2022,16,I,1646,304
28,08/06/2022,16,O,1584,280
28,08/06/2022,17,I,1626,267
28,08/06/2022,17,O,1536,264
28,08/06/2022,18,I,1693,272
28,08/06/2022,18,O,1475,251
28,08/06/2022,19,I,1595,246
28,08/06/2022,19,O,1380,216
28,08/06/2022,20,I,1312,261
28,08/06/2022,20,O,1214,241
28,08/06/2022,21,I,1388,280
28,08/06/2022,21,O,1163,204
28,08/06/2022,22,I,1119,234
28,08/06/2022,22,O,1442,211
28,08/06/2022,23,I,954,204
28,08/06/2022,23,O,1568,277
29,08/06/2022,0,I,640,139
29,08/06/2022,0,O,1145,332
29,08/06/2022,1,I,515,126
29,08/06/2022,1,O,704,226
29,08/06/2022,2,I,375,106
29,08/06/2022,2,O,516,151
29,08/06/2022,3,I,312,90
29,08/06/2022,3,O,462,148
29,08/06/2022,4,I,551,99
29,08/06/2022,4,O,529,107
29,08/06/2022,5,I,828,153
29,08/06/2022,5,O,646,130
29,08/06/2022,6,I,1677,290
29,08/06/2022,6,O,1115,196
29,08/06/2022,7,I,1948,392
29,08/06/2022,7,O,1785,334
29,08/06/2022,8,I,2180,383
29,08/06/2022,8,O,2518,454
29,08/06/2022,9,I,2173,411
29,08/06/2022,9,O,3037,539
29,08/06/2022,10,I,2204,417
29,08/06/2022,10,O,3484,606
29,08/06/2022,11,I,2202,447
29,08/06/2022,11,O,3694,655
29,08/06/2022,12,I,2277,426
29,08/06/2022,12,O,3836,729
29,08/06/2022,13,I,2170,430
29,08/06/2022,13,O,3861,786
29,08/06/2022,14,I,2090,433
29,08/06/2022,14,O,3514,758
29,08/06/2022,15,I,2173,471
29,08/06/2022,15,O,3795,737
29,08/06/2022,16,I,2189,484
29,08/06/2022,16,O,3744,786
29,08/06/2022,17,I,2367,502
29,08/06/2022,17,O,3693,780
29,08/06/2022,18,I,2273,465
29,08/06/2022,18,O,3831,876
29,08/06/2022,19,I,2228,481
29,08/06/2022,19,O,3487,781
29,08/06/2022,20,I,2276,503
29,08/06/2022,20,O,2320,494
29,08/06/2022,21,I,1500,291
29,08/06/2022,21,O,2258,523
29,08/06/2022,22,I,819,174
29,08/06/2022,22,O,2118,571
29,08/06/2022,23,I,758,169
29,08/06/2022,23,O,1647,385
30,08/06/2022,0,I,1747,406
30,08/06/2022,0,O,2986,439
30,08/06/2022,1,I,1283,324
30,08/06/2022,1,O,1893,301
30,08/06/2022,2,I,907,200
30,08/06/2022,2,O,1282,226
30,08/06/2022,3,I,886,202
30,08/06/2022,3,O,1147,178
30,08/06/2022,4,I,1518,191
30,08/06/2022,4,O,1070,198
30,08/06/2022,5,I,2241,242
30,08/06/2022,5,O,1500,239
30,08/06/2022,6,I,3552,348
30,08/06/2022,6,O,2259,349
30,08/06/2022,7,I,3897,454
30,08/06/2022,7,O,3590,468
30,08/06/2022,8,I,4792,546
30,08/06/2022,8,O,4498,633
30,08/06/2022,9,I,5172,608
30,08/06/2022,9,O,4942,730
30,08/06/2022,10,I,5476,736
30,08/06/2022,10,O,5245,751
30,08/06/2022,11,I,5356,767
30,08/06/2022,11,O,5227,796
30,08/06/2022,12,I,5424,812
30,08/06/2022,12,O,5666,846
30,08/06/2022,13,I,5510,905
30,08/06/2022,13,O,5658,726
30,08/06/2022,14,I,5348,859
30,08/06/2022,14,O,5781,830
30,08/06/2022,15,I,5421,875
30,08/06/2022,15,O,5659,826
30,08/06/2022,16,I,5385,834
30,08/06/2022,16,O,5710,849
30,08/06/2022,17,I,5500,866
30,08/06/2022,17,O,5362,811
30,08/06/2022,18,I,5679,977
30,08/06/2022,18,O,5412,846
30,08/06/2022,19,I,5317,905
30,08/06/2022,19,O,4653,694
30,08/06/2022,20,I,4832,824
30,08/06/2022,20,O,4458,611
30,08/06/2022,21,I,4092,740
30,08/06/2022,21,O,4144,674
30,08/06/2022,22,I,4512,824
30,08/06/2022,22,O,4022,548
30,08/06/2022,23,I,3401,642
30,08/06/2022,23,O,3473,527
21,08/05/2022,0,I,2090,433
21,08/05/2022,1,I,1767,400
21,08/05/2022,2,I,1340,272
21,08/05/2022,3,I,1151,239
21,08/05/2022,4,I,1874,328
21,08/05/2022,5,I,4139,564
21,08/05/2022,6,I,7753,1225
21,08/05/2022,7,I,7674,1219
21,08/05/2022,8,I,6641,1218
21,08/05/2022,9,I,6587,1207
21,08/05/2022,10,I,6163,1098
21,08/05/2022,11,I,6043,1171
21,08/05/2022,12,I,5943,1185
21,08/05/2022,13,I,6607,1357
21,08/05/2022,14,I,6939,1407
21,08/05/2022,15,I,7405,1479
21,08/05/2022,16,I,7278,1340
21,08/05/2022,17,I,6428,1289
21,08/05/2022,18,I,6514,1318
21,08/05/2022,19,I,5699,1175
21,08/05/2022,20,I,5172,1178
21,08/05/2022,21,I,4490,1059
21,08/05/2022,22,I,4528,916
21,08/05/2022,23,I,4087,865
22,08/05/2022,0,O,768,170
22,08/05/2022,1,O,423,92
22,08/05/2022,2,O,293,69
22,08/05/2022,3,O,310,62
22,08/05/2022,4,O,646,67
22,08/05/2022,5,O,1107,107
22,08/05/2022,6,O,1437,173
22,08/05/2022,7,O,1975,274
22,08/05/2022,8,O,2445,304
22,08/05/2022,9,O,2468,374
22,08/05/2022,10,O,2404,383
22,08/05/2022,11,O,2345,415
22,08/05/2022,12,O,2683,463
22,08/05/2022,13,O,2701,514
22,08/05/2022,14,O,2808,463
22,08/05/2022,15,O,2714,515
22,08/05/2022,16,O,2645,431
22,08/05/2022,17,O,2648,461
22,08/05/2022,18,O,2392,497
22,08/05/2022,19,O,2025,441
22,08/05/2022,20,O,1930,392
22,08/05/2022,21,O,1578,351
22,08/05/2022,22,O,1258,295
22,08/05/2022,23,O,1165,227
23,08/05/2022,0,I,1015,241
23,08/05/2022,0,O,1293,345
23,08/05/2022,1,I,827,152
23,08/05/2022,1,O,692,211
23,08/05/2022,2,I,619,187
23,08/05/2022,2,O,624,178
23,08/05/2022,3,I,553,123
23,08/05/2022,3,O,766,201
23,08/05/2022,4,I,759,150
23,08/05/2022,4,O,1195,270
23,08/05/2022,5,I,1698,266
23,08/05/2022,5,O,2539,400
23,08/05/2022,6,I,3083,432
23,08/05/2022,6,O,3449,617
23,08/05/2022,7,I,3681,541
23,08/05/2022,7,O,3424,575
23,08/05/2022,8,I,3643,522
23,08/05/2022,8,O,3192,589
23,08/05/2022,9,I,3591,537
23,08/05/2022,9,O,3311,671
23,08/05/2022,10,I,3436,631
23,08/05/2022,10,O,3062,673
23,08/05/2022,11,I,3603,694
23,08/05/2022,11,O,3249,717
23,08/05/2022,12,I,3432,704
23,08/05/2022,12,O,3411,776
23,08/05/2022,13,I,3823,717
23,08/05/2022,13,O,3514,765
23,08/05/2022,14,I,3838,692
23,08/05/2022,14,O,3580,753
23,08/05/2022,15,I,3895,741
23,08/05/2022,15,O,3690,780
23,08/05/2022,16,I,3962,725
23,08/05/2022,16,O,3834,722
23,08/05/2022,17,I,3432,646
23,08/05/2022,17,O,3585,691
23,08/05/2022,18,I,3468,662
23,08/05/2022,18,O,3579,738
23,08/05/2022,19,I,2941,613
23,08/05/2022,19,O,3314,734
23,08/05/2022,20,I,2818,623
23,08/05/2022,20,O,3371,789
23,08/05/2022,21,I,2641,587
23,08/05/2022,21,O,2474,585
23,08/05/2022,22,I,2680,612
23,08/05/2022,22,O,2193,573
23,08/05/2022,23,I,2703,645
23,08/05/2022,23,O,1806,484
24,08/05/2022,0,I,353,75
24,08/05/2022,0,O,581,141
24,08/05/2022,1,I,170,46
24,08/05/2022,1,O,248,70
24,08/05/2022,2,I,122,35
24,08/05/2022,2,O,101,34
24,08/05/2022,3,I,113,34
24,08/05/2022,3,O,57,19
24,08/05/2022,4,I,245,28
24,08/05/2022,4,O,57,12
24,08/05/2022,5,I,651,80
24,08/05/2022,5,O,128,27
24,08/05/2022,6,I,1658,206
24,08/05/2022,6,O,480,59
24,08/05/2022,7,I,1762,242
24,08/05/2022,7,O,894,128
24,08/05/2022,8,I,2322,387
24,08/05/2022,8,O,1356,194
24,08/05/2022,9,I,2437,412
24,08/05/2022,9,O,1412,217
24,08/05/2022,10,I,1753,321
24,08/05/2022,10,O,1120,199
24,08/05/2022,11,I,2234,438
24,08/05/2022,11,O,1430,254
24,08/05/2022,12,I,2222,445
24,08/05/2022,12,O,1580,268
24,08/05/2022,13,I,2131,470
24,08/05/2022,13,O,2192,379
24,08/05/2022,14,I,2537,517
24,08/05/2022,14,O,1966,366
24,08/05/2022,15,I,2285,459
24,08/05/2022,15,O,2441,415
24,08/05/2022,16,I,2333,420
24,08/05/2022,16,O,2403,394
24,08/05/2022,17,I,2555,469
24,08/05/2022,17,O,2351,399
24,08/05/2022,18,I,2470,502
24,08/05/2022,18,O,2088,337
24,08/05/2022,19,I,2004,438
24,08/05/2022,19,O,1635,268
24,08/05/2022,20,I,1224,281
24,08/05/2022,20,O,1193,204
24,08/05/2022,21,I,857,211
24,08/05/2022,21,O,1009,189
24,08/05/2022,22,I,688,175
24,08/05/2022,22,O,823,144
24,08/05/2022,23,I,478,122
24,08/05/2022,23,O,907,169
25,08/05/2022,0,I,127,23
25,08/05/2022,0,O,79,17
25,08/05/2022,1,I,63,11
25,08/05/2022,1,O,46,9
25,08/05/2022,2,I,53,10
25,08/05/2022,2,O,40,11
25,08/05/2022,3,I,36,8
25,08/05/2022,3,O,39,10
25,08/05/2022,4,I,49,12
25,08/05/2022,4,O,124,12
25,08/05/2022,5,I,147,19
25,08/05/2022,5,O,317,18
25,08/05/2022,6,I,281,42
25,08/05/2022,6,O,531,46
25,08/05/2022,7,I,324,71
25,08/05/2022,7,O,806,76
25,08/05/2022,8,I,509,81
25,08/05/2022,8,O,724,69
25,08/05/2022,9,I,475,98
25,08/05/2022,9,O,701,55
25,08/05/2022,10,I,453,86
25,08/05/2022,10,O,642,69
25,08/05/2022,11,I,515,82
25,08/05/2022,11,O,616,69
25,08/05/2022,12,I,674,87
25,08/05/2022,12,O,605,69
25,08/05/2022,13,I,709,90
25,08/05/2022,13,O,576,51
25,08/05/2022,14,I,722,98
25,08/05/2022,14,O,616,64
25,08/05/2022,15,I,924,134
25,08/05/2022,15,O,631,82
25,08/05/2022,16,I,1022,121
25,08/05/2022,16,O,623,74
25,08/05/2022,17,I,946,111
25,08/05/2022,17,O,582,79
25,08/05/2022,18,I,837,134
25,08/05/2022,18,O,538,61
25,08/05/2022,19,I,474,59
25,08/05/2022,19,O,490,65
25,08/05/2022,20,I,490,60
25,08/05/2022,20,O,391,45
25,08/05/2022,21,I,382,58
25,08/05/2022,21,O,387,37
25,08/05/2022,22,I,352,42
25,08/05/2022,22,O,295,40
25,08/05/2022,23,I,230,43
25,08/05/2022,23,O,220,32
26,08/05/2022,0,I,161,31
26,08/05/2022,0,O,119,26
26,08/05/2022,1,I,92,18
26,08/05/2022,1,O,49,15
26,08/05/2022,2,I,78,17
26,08/05/2022,2,O,56,11
26,08/05/2022,3,I,59,12
26,08/05/2022,3,O,66,14
26,08/05/2022,4,I,77,11
26,08/05/2022,4,O,170,22
26,08/05/2022,5,I,144,23
26,08/05/2022,5,O,385,48
26,08/05/2022,6,I,297,47
26,08/05/2022,6,O,604,79
26,08/05/2022,7,I,378,51
26,08/05/2022,7,O,695,92
26,08/05/2022,8,I,454,63
26,08/05/2022,8,O,735,76
26,08/05/2022,9,I,536,74
26,08/05/2022,9,O,615,86
26,08/05/2022,10,I,470,101
26,08/05/2022,10,O,581,80
26,08/05/2022,11,I,539,84
26,08/05/2022,11,O,586,85
26,08/05/2022,12,I,574,76
26,08/05/2022,12,O,567,92
26,08/05/2022,13,I,628,95
26,08/05/2022,13,O,620,106
26,08/05/2022,14,I,711,88
26,08/05/2022,14,O,726,118
26,08/05/2022,15,I,753,98
26,08/05/2022,15,O,688,147
26,08/05/2022,16,I,776,88
26,08/05/2022,16,O,732,142
26,08/05/2022,17,I,830,103
26,08/05/2022,17,O,715,117
26,08/05/2022,18,I,688,89
26,08/05/2022,18,O,585,110
26,08/05/2022,19,I,640,104
26,08/05/2022,19,O,505,91
26,08/05/2022,20,I,464,66
26,08/05/2022,20,O,429,80
26,08/05/2022,21,I,387,47
26,08/05/2022,21,O,354,73
26,08/05/2022,22,I,296,60
26,08/05/2022,22,O,314,49
26,08/05/2022,23,I,299,39
26,08/05/2022,23,O,251,47
27,08/05/2022,0,I,743,132
27,08/05/2022,0,O,916,152
27,08/05/2022,1,I,648,77
27,08/05/2022,1,O,675,100
27,08/05/2022,2,I,611,80
27,08/05/2022,2,O,430,77
27,08/05/2022,3,I,295,33
27,08/05/2022,3,O,348,62
27,08/05/2022,4,I,337,55
27,08/05/2022,4,O,548,67
27,08/05/2022,5,I,1134,149
27,08/05/2022,5,O,796,83
27,08/05/2022,6,I,2303,353
27,08/05/2022,6,O,1186,150
27,08/05/2022,7,I,2646,450
27,08/05/2022,7,O,1156,179
27,08/05/2022,8,I,2695,420
27,08/05/2022,8,O,1099,185
27,08/05/2022,9,I,2522,428
27,08/05/2022,9,O,1060,209
27,08/05/2022,10,I,2242,378
27,08/05/2022,10,O,1341,203
27,08/05/2022,11,I,2195,406
27,08/05/2022,11,O,1924,339
27,08/05/2022,12,I,2098,389
27,08/05/2022,12,O,2149,382
27,08/05/2022,13,I,2293,398
27,08/05/2022,13,O,2188,377
27,08/05/2022,14,I,2299,432
27,08/05/2022,14,O,2028,327
27,08/05/2022,15,I,2269,443
27,08/05/2022,15,O,2131,391
27,08/05/2022,16,I,2248,386
27,08/05/2022,16,O,2301,380
27,08/05/2022,17,I,2256,395
27,08/05/2022,17,O,1862,283
27,08/05/2022,18,I,2200,400
27,08/05/2022,18,O,1515,230
27,08/05/2022,19,I,2143,392
27,08/05/2022,19,O,1532,224
27,08/05/2022,20,I,1890,339
27,08/05/2022,20,O,1508,254
27,08/05/2022,21,I,1770,321
27,08/05/2022,21,O,1565,271
27,08/05/2022,22,I,1677,319
27,08/05/2022,22,O,1670,337
27,08/05/2022,23,I,1529,257
27,08/05/2022,23,O,1835,334
28,08/05/2022,0,I,198,31
28,08/05/2022,0,O,583,96
28,08/05/2022,1,I,69,13
28,08/05/2022,1,O,367,38
28,08/05/2022,2,I,62,24
28,08/05/2022,2,O,195,27
28,08/05/2022,3,I,51,11
28,08/05/2022,3,O,125,21
28,08/05/2022,4,I,168,21
28,08/05/2022,4,O,82,16
28,08/05/2022,5,I,827,90
28,08/05/2022,5,O,124,21
28,08/05/2022,6,I,2247,253
28,08/05/2022,6,O,513,89
28,08/05/2022,7,I,2566,342
28,08/05/2022,7,O,790,126
28,08/05/2022,8,I,2483,321
28,08/05/2022,8,O,824,155
28,08/05/2022,9,I,2205,287
28,08/05/2022,9,O,964,179
28,08/05/2022,10,I,1868,269
28,08/05/2022,10,O,976,171
28,08/05/2022,11,I,1826,298
28,08/05/2022,11,O,1076,161
28,08/05/2022,12,I,1942,298
28,08/05/2022,12,O,1383,265
28,08/05/2022,13,I,1828,295
28,08/05/2022,13,O,1544,246
28,08/05/2022,14,I,1831,295
28,08/05/2022,14,O,1830,251
28,08/05/2022,15,I,1821,340
28,08/05/2022,15,O,2191,346
28,08/05/2022,16,I,1076,180
28,08/05/2022,16,O,2170,392
28,08/05/2022,17,I,1195,220
28,08/05/2022,17,O,2133,344
28,08/05/2022,18,I,1055,208
28,08/05/2022,18,O,1775,289
28,08/05/2022,19,I,1604,287
28,08/05/2022,19,O,1242,199
28,08/05/2022,20,I,1264,234
28,08/05/2022,20,O,1107,183
28,08/05/2022,21,I,1084,207
28,08/05/2022,21,O,969,183
28,08/05/2022,22,I,788,181
28,08/05/2022,22,O,971,152
28,08/05/2022,23,I,843,192
28,08/05/2022,23,O,881,154
29,08/05/2022,0,I,559,131
29,08/05/2022,0,O,673,179
29,08/05/2022,1,I,411,71
29,08/05/2022,1,O,511,121
29,08/05/2022,2,I,367,80
29,08/05/2022,2,O,402,74
29,08/05/2022,3,I,440,84
29,08/05/2022,3,O,472,100
29,08/05/2022,4,I,872,135
29,08/05/2022,4,O,708,115
29,08/05/2022,5,I,2463,332
29,08/05/2022,5,O,1274,179
29,08/05/2022,6,I,3501,516
29,08/05/2022,6,O,2161,291
29,08/05/2022,7,I,2915,449
29,08/05/2022,7,O,2228,339
29,08/05/2022,8,I,2936,463
29,08/05/2022,8,O,2305,366
29,08/05/2022,9,I,2512,404
29,08/05/2022,9,O,2208,402
29,08/05/2022,10,I,2250,405
29,08/05/2022,10,O,2125,367
29,08/05/2022,11,I,2207,406
29,08/05/2022,11,O,2304,406
29,08/05/2022,12,I,2084,416
29,08/05/2022,12,O,2383,420
29,08/05/2022,13,I,2076,442
29,08/05/2022,13,O,3316,654
29,08/05/2022,14,I,2098,402
29,08/05/2022,14,O,3789,699
29,08/05/2022,15,I,2205,409
29,08/05/2022,15,O,3589,655
29,08/05/2022,16,I,2212,406
29,08/05/2022,16,O,3621,673
29,08/05/2022,17,I,2283,437
29,08/05/2022,17,O,3791,743
29,08/05/2022,18,I,2024,447
29,08/05/2022,18,O,3920,724
29,08/05/2022,19,I,2098,487
29,08/05/2022,19,O,3525,705
29,08/05/2022,20,I,2060,448
29,08/05/2022,20,O,2176,409
29,08/05/2022,21,I,1149,250
29,08/05/2022,21,O,2038,484
29,08/05/2022,22,I,836,170
29,08/05/2022,22,O,1687,416
29,08/05/2022,23,I,711,164
29,08/05/2022,23,O,1475,387
30,08/05/2022,0,I,1297,280
30,08/05/2022,0,O,2210,300
30,08/05/2022,1,I,909,165
30,08/05/2022,1,O,1315,225
30,08/05/2022,2,I,941,183
30,08/05/2022,2,O,984,190
30,08/05/2022,3,I,1051,178
30,08/05/2022,3,O,1007,131
30,08/05/2022,4,I,2570,244
30,08/05/2022,4,O,1026,182
30,08/05/2022,5,I,5034,408
30,08/05/2022,5,O,1835,274
30,08/05/2022,6,I,7330,614
30,08/05/2022,6,O,3192,418
30,08/05/2022,7,I,6739,662
30,08/05/2022,7,O,4202,537
30,08/05/2022,8,I,6435,634
30,08/05/2022,8,O,4254,548
30,08/05/2022,9,I,5632,598
30,08/05/2022,9,O,4468,552
30,08/05/2022,10,I,4969,617
30,08/05/2022,10,O,4462,627
30,08/05/2022,11,I,4179,584
30,08/05/2022,11,O,4820,671
30,08/05/2022,12,I,4403,654
30,08/05/2022,12,O,5297,722
30,08/05/2022,13,I,4564,643
30,08/05/2022,13,O,5838,727
30,08/05/2022,14,I,4984,771
30,08/05/2022,14,O,6451,781
30,08/05/2022,15,I,5001,767
30,08/05/2022,15,O,6964,812
30,08/05/2022,16,I,5252,796
30,08/05/2022,16,O,7404,810
30,08/05/2022,17,I,5347,765
30,08/05/2022,17,O,6994,789
30,08/05/2022,18,I,5521,814
30,08/05/2022,18,O,6417,738
30,08/05/2022,19,I,4726,809
30,08/05/2022,19,O,5116,648
30,08/05/2022,20,I,3622,568
30,08/05/2022,20,O,5178,703
30,08/05/2022,21,I,3275,581
30,08/05/2022,21,O,4245,616
30,08/05/2022,22,I,3132,534
30,08/05/2022,22,O,3804,591
30,08/05/2022,23,I,2564,488
30,08/05/2022,23,O,3427,479
21,08/04/2022,0,I,1759,446
21,08/04/2022,1,I,1109,295
21,08/04/2022,2,I,706,227
21,08/04/2022,3,I,914,201
21,08/04/2022,4,I,1707,321
21,08/04/2022,5,I,4350,615
21,08/04/2022,6,I,8029,1195
21,08/04/2022,7,I,8672,1439
21,08/04/2022,8,I,7667,1318
21,08/04/2022,9,I,6770,1125
21,08/04/2022,10,I,6409,1129
21,08/04/2022,11,I,6502,1191
21,08/04/2022,12,I,6483,1258
21,08/04/2022,13,I,6704,1358
21,08/04/2022,14,I,7198,1437
21,08/04/2022,15,I,7291,1422
21,08/04/2022,16,I,7150,1283
21,08/04/2022,17,I,6974,1167
21,08/04/2022,18,I,6175,1204
21,08/04/2022,19,I,5555,1094
21,08/04/2022,20,I,4623,967
21,08/04/2022,21,I,4274,894
21,08/04/2022,22,I,4108,799
21,08/04/2022,23,I,3166,654
22,08/04/2022,0,O,634,177
22,08/04/2022,1,O,296,70
22,08/04/2022,2,O,194,43
22,08/04/2022,3,O,231,58
22,08/04/2022,4,O,587,63
22,08/04/2022,5,O,1236,138
22,08/04/2022,6,O,1534,174
22,08/04/2022,7,O,1756,268
22,08/04/2022,8,O,1869,300
22,08/04/2022,9,O,2065,313
22,08/04/2022,10,O,2087,364
22,08/04/2022,11,O,1960,358
22,08/04/2022,12,O,2282,390
22,08/04/2022,13,O,2453,382
22,08/04/2022,14,O,2579,450
22,08/04/2022,15,O,2571,423
22,08/04/2022,16,O,2472,415
22,08/04/2022,17,O,2704,420
22,08/04/2022,18,O,2821,424
22,08/04/2022,19,O,2161,413
22,08/04/2022,20,O,2025,376
22,08/04/2022,21,O,1668,313
22,08/04/2022,22,O,1276,232
22,08/04/2022,23,O,982,202
23,08/04/2022,0,I,959,224
23,08/04/2022,0,O,689,165
23,08/04/2022,1,I,593,149
23,08/04/2022,1,O,476,104
23,08/04/2022,2,I,347,86
23,08/04/2022,2,O,477,146
23,08/04/2022,3,I,413,107
23,08/04/2022,3,O,682,166
23,08/04/2022,4,I,753,149
23,08/04/2022,4,O,1180,263
23,08/04/2022,5,I,1881,278
23,08/04/2022,5,O,2566,429
23,08/04/2022,6,I,3109,390
23,08/04/2022,6,O,3448,573
23,08/04/2022,7,I,3945,577
23,08/04/2022,7,O,3885,646
23,08/04/2022,8,I,3936,539
23,08/04/2022,8,O,3357,632
23,08/04/2022,9,I,3564,553
23,08/04/2022,9,O,3438,664
23,08/04/2022,10,I,3482,606
23,08/04/2022,10,O,3553,678
23,08/04/2022,11,I,3377,697
23,08/04/2022,11,O,3311,659
23,08/04/2022,12,I,3361,646
23,08/04/2022,12,O,3326,721
23,08/04/2022,13,I,3177,637
23,08/04/2022,13,O,3298,701
23,08/04/2022,14,I,3944,622
23,08/04/2022,14,O,3638,764
23,08/04/2022,15,I,3940,729
23,08/04/2022,15,O,3706,770
23,08/04/2022,16,I,4036,677
23,08/04/2022,16,O,3771,720
23,08/04/2022,17,I,3742,675
23,08/04/2022,17,O,3855,649
23,08/04/2022,18,I,3497,622
23,08/04/2022,18,O,3400,611
23,08/04/2022,19,I,3725,690
23,08/04/2022,19,O,3608,727
23,08/04/2022,20,I,2759,585
23,08/04/2022,20,O,2689,570
23,08/04/2022,21,I,2772,609
23,08/04/2022,21,O,2507,621
23,08/04/2022,22,I,2955,665
23,08/04/2022,22,O,2327,582
23,08/04/2022,23,I,1801,395
23,08/04/2022,23,O,1940,520
24,08/04/2022,0,I,248,73
24,08/04/2022,0,O,476,110
24,08/04/2022,1,I,135,44
24,08/04/2022,1,O,174,33
24,08/04/2022,2,I,76,21
24,08/04/2022,2,O,66,18
24,08/04/2022,3,I,77,17
24,08/04/2022,3,O,62,11
24,08/04/2022,4,I,201,32
24,08/04/2022,4,O,51,16
24,08/04/2022,5,I,723,81
24,08/04/2022,5,O,158,23
24,08/04/2022,6,I,2279,243
24,08/04/2022,6,O,463,56
24,08/04/2022,7,I,2544,304
24,08/04/2022,7,O,1030,132
24,08/04/2022,8,I,2557,345
24,08/04/2022,8,O,1297,157
24,08/04/2022,9,I,2506,404
24,08/04/2022,9,O,1206,183
24,08/04/2022,10,I,2245,374
24,08/04/2022,10,O,1246,197
24,08/04/2022,11,I,2038,382
24,08/04/2022,11,O,1384,240
24,08/04/2022,12,I,2157,409
24,08/04/2022,12,O,1497,266
24,08/04/2022,13,I,1966,364
24,08/04/2022,13,O,1814,332
24,08/04/2022,14,I,2264,421
24,08/04/2022,14,O,1816,291
24,08/04/2022,15,I,2472,390
24,08/04/2022,15,O,1920,343
24,08/04/2022,16,I,2330,383
24,08/04/2022,16,O,2491,362
24,08/04/2022,17,I,2286,359
24,08/04/2022,17,O,2351,339
24,08/04/2022,18,I,2360,425
24,08/04/2022,18,O,2389,315
24,08/04/2022,19,I,1594,298
24,08/04/2022,19,O,1945,301
24,08/04/2022,20,I,1144,242
24,08/04/2022,20,O,1317,190
24,08/04/2022,21,I,821,179
24,08/04/2022,21,O,1259,164
24,08/04/2022,22,I,737,178
24,08/04/2022,22,O,1112,161
24,08/04/2022,23,I,536,139
24,08/04/2022,23,O,911,135
25,08/04/2022,0,I,115,15
25,08/04/2022,0,O,69,13
25,08/04/2022,1,I,68,15
25,08/04/2022,1,O,38,7
25,08/04/2022,2,I,45,7
25,08/04/2022,2,O,30,7
25,08/04/2022,3,I,47,9
25,08/04/2022,3,O,35,5
25,08/04/2022,4,I,33,10
25,08/04/2022,4,O,119,6
25,08/04/2022,5,I,144,15
25,08/04/2022,5,O,360,21
25,08/04/2022,6,I,300,51
25,08/04/2022,6,O,664,41
25,08/04/2022,7,I,371,68
25,08/04/2022,7,O,921,70
25,08/04/2022,8,I,445,86
25,08/04/2022,8,O,898,71
25,08/04/2022,9,I,553,90
25,08/04/2022,9,O,764,68
25,08/04/2022,10,I,695,121
25,08/04/2022,10,O,684,69
25,08/04/2022,11,I,768,146
25,08/04/2022,11,O,623,78
25,08/04/2022,12,I,869,194
25,08/04/2022,12,O,682,79
25,08/04/2022,13,I,846,185
25,08/04/2022,13,O,624,70
25,08/04/2022,14,I,877,187
25,08/04/2022,14,O,725,80
25,08/04/2022,15,I,978,170
25,08/04/2022,15,O,776,120
25,08/04/2022,16,I,1039,163
25,08/04/2022,16,O,833,116
25,08/04/2022,17,I,1046,137
25,08/04/2022,17,O,745,98
25,08/04/2022,18,I,1108,122
25,08/04/2022,18,O,701,81
25,08/04/2022,19,I,749,96
25,08/04/2022,19,O,631,99
25,08/04/2022,20,I,472,66
25,08/04/2022,20,O,557,70
25,08/04/2022,21,I,377,40
25,08/04/2022,21,O,418,54
25,08/04/2022,22,I,296,33
25,08/04/2022,22,O,233,29
25,08/04/2022,23,I,236,32
25,08/04/2022,23,O,175,26
26,08/04/2022,0,I,161,30
26,08/04/2022,0,O,91,15
26,08/04/2022,1,I,90,24
26,08/04/2022,1,O,52,18
26,08/04/2022,2,I,54,18
26,08/04/2022,2,O,48,6
26,08/04/2022,3,I,49,8
26,08/04/2022,3,O,71,6
26,08/04/2022,4,I,78,5
26,08/04/2022,4,O,161,24
26,08/04/2022,5,I,115,17
26,08/04/2022,5,O,410,53
26,08/04/2022,6,I,310,50
26,08/04/2022,6,O,642,75
26,08/04/2022,7,I,412,52
26,08/04/2022,7,O,723,104
26,08/04/2022,8,I,504,64
26,08/04/2022,8,O,763,89
26,08/04/2022,9,I,570,100
26,08/04/2022,9,O,569,72
26,08/04/2022,10,I,616,121
26,08/04/2022,10,O,547,78
26,08/04/2022,11,I,685,121
26,08/04/2022,11,O,560,81
26,08/04/2022,12,I,836,141
26,08/04/2022,12,O,599,83
26,08/04/2022,13,I,764,115
26,08/04/2022,13,O,652,105
26,08/04/2022,14,I,770,119
26,08/04/2022,14,O,733,130
26,08/04/2022,15,I,739,129
26,08/04/2022,15,O,853,178
26,08/04/2022,16,I,803,117
26,08/04/2022,16,O,850,184
26,08/04/2022,17,I,814,129
26,08/04/2022,17,O,912,183
26,08/04/2022,18,I,793,114
26,08/04/2022,18,O,814,182
26,08/04/2022,19,I,646,104
26,08/04/2022,19,O,685,131
26,08/04/2022,20,I,542,76
26,08/04/2022,20,O,539,119
26,08/04/2022,21,I,409,58
26,08/04/2022,21,O,398,78
26,08/04/2022,22,I,334,44
26,08/04/2022,22,O,273,51
26,08/04/2022,23,I,296,39
26,08/04/2022,23,O,186,42
27,08/04/2022,0,I,623,97
27,08/04/2022,0,O,914,152
27,08/04/2022,1,I,300,51
27,08/04/2022,1,O,484,92
27,08/04/2022,2,I,145,39
27,08/04/2022,2,O,325,75
27,08/04/2022,3,I,161,15
27,08/04/2022,3,O,294,60
27,08/04/2022,4,I,290,56
27,08/04/2022,4,O,548,61
27,08/04/2022,5,I,1022,164
27,08/04/2022,5,O,819,94
27,08/04/2022,6,I,2381,354
27,08/04/2022,6,O,1221,167
27,08/04/2022,7,I,2904,437
27,08/04/2022,7,O,1127,180
27,08/04/2022,8,I,3013,496
27,08/04/2022,8,O,1113,186
27,08/04/2022,9,I,2853,496
27,08/04/2022,9,O,1063,194
27,08/04/2022,10,I,2386,397
27,08/04/2022,10,O,1292,209
27,08/04/2022,11,I,2313,438
27,08/04/2022,11,O,1736,308
27,08/04/2022,12,I,2286,396
27,08/04/2022,12,O,1886,328
27,08/04/2022,13,I,2223,385
27,08/04/2022,13,O,2191,404
27,08/04/2022,14,I,2263,411
27,08/04/2022,14,O,2314,379
27,08/04/2022,15,I,2328,372
27,08/04/2022,15,O,2271,367
27,08/04/2022,16,I,2226,339
27,08/04/2022,16,O,2325,374
27,08/04/2022,17,I,2382,340
27,08/04/2022,17,O,2328,404
27,08/04/2022,18,I,2344,337
27,08/04/2022,18,O,2190,325
27,08/04/2022,19,I,2085,344
27,08/04/2022,19,O,1927,344
27,08/04/2022,20,I,1766,314
27,08/04/2022,20,O,2032,379
27,08/04/2022,21,I,1636,326
27,08/04/2022,21,O,1856,311
27,08/04/2022,22,I,1745,295
27,08/04/2022,22,O,1676,265
27,08/04/2022,23,I,1143,177
27,08/04/2022,23,O,1398,227
28,08/04/2022,0,I,149,36
28,08/04/2022,0,O,525,66
28,08/04/2022,1,I,75,19
28,08/04/2022,1,O,261,39
28,08/04/2022,2,I,50,10
28,08/04/2022,2,O,120,18
28,08/04/2022,3,I,37,4
28,08/04/2022,3,O,79,19
28,08/04/2022,4,I,151,21
28,08/04/2022,4,O,60,14
28,08/04/2022,5,I,891,97
28,08/04/2022,5,O,127,17
28,08/04/2022,6,I,2557,312
28,08/04/2022,6,O,504,84
28,08/04/2022,7,I,2779,356
28,08/04/2022,7,O,828,134
28,08/04/2022,8,I,2772,357
28,08/04/2022,8,O,778,133
28,08/04/2022,9,I,2488,303
28,08/04/2022,9,O,779,152
28,08/04/2022,10,I,2025,293
28,08/04/2022,10,O,1130,167
28,08/04/2022,11,I,1768,280
28,08/04/2022,11,O,1209,169
28,08/04/2022,12,I,1828,269
28,08/04/2022,12,O,943,147
28,08/04/2022,13,I,1769,292
28,08/04/2022,13,O,1038,161
28,08/04/2022,14,I,1910,324
28,08/04/2022,14,O,1744,271
28,08/04/2022,15,I,1801,277
28,08/04/2022,15,O,2097,352
28,08/04/2022,16,I,1239,205
28,08/04/2022,16,O,2407,347
28,08/04/2022,17,I,1067,163
28,08/04/2022,17,O,2396,335
28,08/04/2022,18,I,1115,154
28,08/04/2022,18,O,2073,276
28,08/04/2022,19,I,1787,294
28,08/04/2022,19,O,1798,276
28,08/04/2022,20,I,1271,219
28,08/04/2022,20,O,1733,217
28,08/04/2022,21,I,1005,173
28,08/04/2022,21,O,1387,183
28,08/04/2022,22,I,814,130
28,08/04/2022,22,O,1104,143
28,08/04/2022,23,I,476,84
28,08/04/2022,23,O,860,131
29,08/04/2022,0,I,544,116
29,08/04/2022,0,O,927,244
29,08/04/2022,1,I,366,76
29,08/04/2022,1,O,569,142
29,08/04/2022,2,I,283,47
29,08/04/2022,2,O,369,100
29,08/04/2022,3,I,414,95
29,08/04/2022,3,O,441,84
29,08/04/2022,4,I,850,116
29,08/04/2022,4,O,656,124
29,08/04/2022,5,I,2590,350
29,08/04/2022,5,O,1249,150
29,08/04/2022,6,I,3703,573
29,08/04/2022,6,O,2306,327
29,08/04/2022,7,I,3217,508
29,08/04/2022,7,O,2260,304
29,08/04/2022,8,I,3057,463
29,08/04/2022,8,O,2334,334
29,08/04/2022,9,I,2889,451
29,08/04/2022,9,O,2163,362
29,08/04/2022,10,I,2120,383
29,08/04/2022,10,O,2100,358
29,08/04/2022,11,I,2132,399
29,08/04/2022,11,O,2104,420
29,08/04/2022,12,I,2200,415
29,08/04/2022,12,O,2143,425
29,08/04/2022,13,I,2123,393
29,08/04/2022,13,O,2249,407
29,08/04/2022,14,I,2092,366
29,08/04/2022,14,O,3436,590
29,08/04/2022,15,I,2148,371
29,08/04/2022,15,O,3683,675
29,08/04/2022,16,I,2140,374
29,08/04/2022,16,O,3920,707
29,08/04/2022,17,I,2269,387
29,08/04/2022,17,O,3951,637
29,08/04/2022,18,I,2166,340
29,08/04/2022,18,O,3989,654
29,08/04/2022,19,I,2294,377
29,08/04/2022,19,O,3693,642
29,08/04/2022,20,I,1903,370
29,08/04/2022,20,O,2574,502
29,08/04/2022,21,I,1433,244
29,08/04/2022,21,O,1596,317
29,08/04/2022,22,I,922,172
29,08/04/2022,22,O,1307,277
29,08/04/2022,23,I,836,207
29,08/04/2022,23,O,807,165
30,08/04/2022,0,I,1425,295
30,08/04/2022,0,O,1904,281
30,08/04/2022,1,I,908,176
30,08/04/2022,1,O,1394,219
30,08/04/2022,2,I,722,139
30,08/04/2022,2,O,825,145
30,08/04/2022,3,I,1016,163
30,08/04/2022,3,O,811,128
30,08/04/2022,4,I,2589,259
30,08/04/2022,4,O,984,110
30,08/04/2022,5,I,5547,429
30,08/04/2022,5,O,1726,254
30,08/04/2022,6,I,7702,612
30,08/04/2022,6,O,3267,415
30,08/04/2022,7,I,7593,685
30,08/04/2022,7,O,4178,544
30,08/04/2022,8,I,5552,554
30,08/04/2022,8,O,4523,502
30,08/04/2022,9,I,4421,489
30,08/04/2022,9,O,4539,583
30,08/04/2022,10,I,7129,748
30,08/04/2022,10,O,4220,547
30,08/04/2022,11,I,5196,740
30,08/04/2022,11,O,4075,612
30,08/04/2022,12,I,4706,728
30,08/04/2022,12,O,4618,583
30,08/04/2022,13,I,4963,716
30,08/04/2022,13,O,5372,658
30,08/04/2022,14,I,4905,779
30,08/04/2022,14,O,6361,755
30,08/04/2022,15,I,4833,684
30,08/04/2022,15,O,7144,779
30,08/04/2022,16,I,5061,697
30,08/04/2022,16,O,7534,712
30,08/04/2022,17,I,5138,670
30,08/04/2022,17,O,7545,705
30,08/04/2022,18,I,5081,717
30,08/04/2022,18,O,6537,635
30,08/04/2022,19,I,4741,669
30,08/04/2022,19,O,5740,653
30,08/04/2022,20,I,2824,424
30,08/04/2022,20,O,5362,668
30,08/04/2022,21,I,3142,498
30,08/04/2022,21,O,4586,663
30,08/04/2022,22,I,2721,391
30,08/04/2022,22,O,3718,451
30,08/04/2022,23,I,2249,395
30,08/04/2022,23,O,3463,485
21,08/03/2022,0,I,1477,338
21,08/03/2022,1,I,854,260
21,08/03/2022,2,I,668,185
21,08/03/2022,3,I,854,170
21,08/03/2022,4,I,1643,296
21,08/03/2022,5,I,4291,592
21,08/03/2022,6,I,8256,1249
21,08/03/2022,7,I,8252,1316
21,08/03/2022,8,I,7630,1331
21,08/03/2022,9,I,7452,1220
21,08/03/2022,10,I,6462,1191
21,08/03/2022,11,I,5527,1106
21,08/03/2022,12,I,5486,1114
21,08/03/2022,13,I,6584,1326
21,08/03/2022,14,I,6769,1404
21,08/03/2022,15,I,7008,1317
21,08/03/2022,16,I,6476,1126
21,08/03/2022,17,I,6803,1261
21,08/03/2022,18,I,5937,1215
21,08/03/2022,19,I,5193,988
21,08/03/2022,20,I,4477,914
21,08/03/2022,21,I,3707,806
21,08/03/2022,22,I,3281,683
21,08/03/2022,23,I,2746,592
22,08/03/2022,0,O,473,133
22,08/03/2022,1,O,238,71
22,08/03/2022,2,O,183,46
22,08/03/2022,3,O,214,48
22,08/03/2022,4,O,547,66
22,08/03/2022,5,O,1076,131
22,08/03/2022,6,O,1378,138
22,08/03/2022,7,O,1854,240
22,08/03/2022,8,O,1977,301
22,08/03/2022,9,O,2146,315
22,08/03/2022,10,O,2023,307
22,08/03/2022,11,O,2277,373
22,08/03/2022,12,O,2294,360
22,08/03/2022,13,O,2476,453
22,08/03/2022,14,O,2279,398
22,08/03/2022,15,O,2584,451
22,08/03/2022,16,O,2511,427
22,08/03/2022,17,O,2678,483
22,08/03/2022,18,O,2565,418
22,08/03/2022,19,O,2092,387
22,08/03/2022,20,O,1639,287
22,08/03/2022,21,O,1651,290
22,08/03/2022,22,O,1057,218
22,08/03/2022,23,O,851,200
23,08/03/2022,0,I,959,258
23,08/03/2022,0,O,860,202
23,08/03/2022,1,I,498,155
23,08/03/2022,1,O,495,151
23,08/03/2022,2,I,361,135
23,08/03/2022,2,O,439,137
23,08/03/2022,3,I,407,114
23,08/03/2022,3,O,650,165
23,08/03/2022,4,I,788,150
23,08/03/2022,4,O,1111,262
23,08/03/2022,5,I,1797,279
23,08/03/2022,5,O,2657,479
23,08/03/2022,6,I,3176,415
23,08/03/2022,6,O,3656,615
23,08/03/2022,7,I,3642,490
23,08/03/2022,7,O,4043,666
23,08/03/2022,8,I,4098,576
23,08/03/2022,8,O,3517,637
23,08/03/2022,9,I,3481,560
23,08/03/2022,9,O,3209,630
23,08/03/2022,10,I,3216,601
23,08/03/2022,10,O,2795,543
23,08/03/2022,11,I,3207,656
23,08/03/2022,11,O,3309,747
23,08/03/2022,12,I,3005,616
23,08/03/2022,12,O,3391,702
23,08/03/2022,13,I,3136,577
23,08/03/2022,13,O,3456,790
23,08/03/2022,14,I,3487,681
23,08/03/2022,14,O,3345,794
23,08/03/2022,15,I,3770,695
23,08/03/2022,15,O,3567,715
23,08/03/2022,16,I,3890,741
23,08/03/2022,16,O,3751,680
23,08/03/2022,17,I,3995,660
23,08/03/2022,17,O,3724,632
23,08/03/2022,18,I,3450,609
23,08/03/2022,18,O,3428,646
23,08/03/2022,19,I,3170,555
23,08/03/2022,19,O,3011,593
23,08/03/2022,20,I,2137,433
23,08/03/2022,20,O,3047,638
23,08/03/2022,21,I,2061,453
23,08/03/2022,21,O,2403,489
23,08/03/2022,22,I,2108,440
23,08/03/2022,22,O,1864,415
23,08/03/2022,23,I,1432,328
23,08/03/2022,23,O,1224,278
24,08/03/2022,0,I,163,41
24,08/03/2022,0,O,332,94
24,08/03/2022,1,I,97,23
24,08/03/2022,1,O,162,43
24,08/03/2022,2,I,56,17
24,08/03/2022,2,O,59,34
24,08/03/2022,3,I,57,14
24,08/03/2022,3,O,50,10
24,08/03/2022,4,I,164,22
24,08/03/2022,4,O,46,13
24,08/03/2022,5,I,735,94
24,08/03/2022,5,O,139,19
24,08/03/2022,6,I,2435,302
24,08/03/2022,6,O,428,40
24,08/03/2022,7,I,2724,338
24,08/03/2022,7,O,990,119
24,08/03/2022,8,I,2934,445
24,08/03/2022,8,O,1489,179
24,08/03/2022,9,I,2303,351
24,08/03/2022,9,O,1062,144
24,08/03/2022,10,I,2378,417
24,08/03/2022,10,O,1013,164
24,08/03/2022,11,I,2487,490
24,08/03/2022,11,O,1122,183
24,08/03/2022,12,I,2475,472
24,08/03/2022,12,O,1328,247
24,08/03/2022,13,I,2404,455
24,08/03/2022,13,O,1479,223
24,08/03/2022,14,I,2297,455
24,08/03/2022,14,O,1887,321
24,08/03/2022,15,I,2298,455
24,08/03/2022,15,O,2146,362
24,08/03/2022,16,I,2478,413
24,08/03/2022,16,O,2549,396
24,08/03/2022,17,I,2367,388
24,08/03/2022,17,O,2397,354
24,08/03/2022,18,I,2094,368
24,08/03/2022,18,O,2472,339
24,08/03/2022,19,I,1572,273
24,08/03/2022,19,O,1750,233
24,08/03/2022,20,I,1082,186
24,08/03/2022,20,O,1193,161
24,08/03/2022,21,I,569,95
24,08/03/2022,21,O,1245,174
24,08/03/2022,22,I,624,150
24,08/03/2022,22,O,1054,174
24,08/03/2022,23,I,508,106
24,08/03/2022,23,O,748,125
25,08/03/2022,0,I,116,19
25,08/03/2022,0,O,63,28
25,08/03/2022,1,I,51,10
25,08/03/2022,1,O,37,14
25,08/03/2022,2,I,45,10
25,08/03/2022,2,O,30,7
25,08/03/2022,3,I,34,4
25,08/03/2022,3,O,39,5
25,08/03/2022,4,I,51,8
25,08/03/2022,4,O,105,8
25,08/03/2022,5,I,138,24
25,08/03/2022,5,O,366,24
25,08/03/2022,6,I,306,60
25,08/03/2022,6,O,679,43
25,08/03/2022,7,I,375,77
25,08/03/2022,7,O,947,65
25,08/03/2022,8,I,430,77
25,08/03/2022,8,O,877,82
25,08/03/2022,9,I,597,93
25,08/03/2022,9,O,799,84
25,08/03/2022,10,I,686,119
25,08/03/2022,10,O,658,67
25,08/03/2022,11,I,839,148
25,08/03/2022,11,O,615,62
25,08/03/2022,12,I,896,168
25,08/03/2022,12,O,574,54
25,08/03/2022,13,I,846,163
25,08/03/2022,13,O,613,65
25,08/03/2022,14,I,827,167
25,08/03/2022,14,O,684,66
25,08/03/2022,15,I,865,179
25,08/03/2022,15,O,800,101
25,08/03/2022,16,I,990,141
25,08/03/2022,16,O,916,112
25,08/03/2022,17,I,1184,143
25,08/03/2022,17,O,828,107
25,08/03/2022,18,I,1083,145
25,08/03/2022,18,O,770,91
25,08/03/2022,19,I,739,99
25,08/03/2022,19,O,639,78
25,08/03/2022,20,I,513,60
25,08/03/2022,20,O,621,79
25,08/03/2022,21,I,407,38
25,08/03/2022,21,O,432,50
25,08/03/2022,22,I,281,49
25,08/03/2022,22,O,261,31
25,08/03/2022,23,I,208,26
25,08/03/2022,23,O,177,28
26,08/03/2022,0,I,142,30
26,08/03/2022,0,O,77,21
26,08/03/2022,1,I,86,19
26,08/03/2022,1,O,36,16
26,08/03/2022,2,I,53,11
26,08/03/2022,2,O,46,10
26,08/03/2022,3,I,32,9
26,08/03/2022,3,O,57,17
26,08/03/2022,4,I,50,8
26,08/03/2022,4,O,160,18
26,08/03/2022,5,I,148,18
26,08/03/2022,5,O,429,58
26,08/03/2022,6,I,302,47
26,08/03/2022,6,O,643,89
26,08/03/2022,7,I,407,56
26,08/03/2022,7,O,773,107
26,08/03/2022,8,I,508,70
26,08/03/2022,8,O,802,97
26,08/03/2022,9,I,567,112
26,08/03/2022,9,O,548,74
26,08/03/2022,10,I,621,105
26,08/03/2022,10,O,601,82
26,08/03/2022,11,I,664,123
26,08/03/2022,11,O,613,95
26,08/03/2022,12,I,661,103
26,08/03/2022,12,O,600,101
26,08/03/2022,13,I,685,109
26,08/03/2022,13,O,641,110
26,08/03/2022,14,I,790,135
26,08/03/2022,14,O,706,148
26,08/03/2022,15,I,757,126
26,08/03/2022,15,O,842,159
26,08/03/2022,16,I,806,101
26,08/03/2022,16,O,860,169
26,08/03/2022,17,I,889,97
26,08/03/2022,17,O,814,137
26,08/03/2022,18,I,803,122
26,08/03/2022,18,O,763,160
26,08/03/2022,19,I,630,101
26,08/03/2022,19,O,545,125
26,08/03/2022,20,I,525,58
26,08/03/2022,20,O,486,108
26,08/03/2022,21,I,403,67
26,08/03/2022,21,O,357,78
26,08/03/2022,22,I,289,48
26,08/03/2022,22,O,244,41
26,08/03/2022,23,I,224,22
26,08/03/2022,23,O,173,30
27,08/03/2022,0,I,457,88
27,08/03/2022,0,O,749,143
27,08/03/2022,1,I,198,59
27,08/03/2022,1,O,376,67
27,08/03/2022,2,I,136,28
27,08/03/2022,2,O,284,65
27,08/03/2022,3,I,138,31
27,08/03/2022,3,O,262,45
27,08/03/2022,4,I,328,54
27,08/03/2022,4,O,438,54
27,08/03/2022,5,I,1120,161
27,08/03/2022,5,O,759,90
27,08/03/2022,6,I,2460,367
27,08/03/2022,6,O,1018,151
27,08/03/2022,7,I,2981,432
27,08/03/2022,7,O,1115,169
27,08/03/2022,8,I,3041,508
27,08/03/2022,8,O,1109,168
27,08/03/2022,9,I,2893,464
27,08/03/2022,9,O,1075,189
27,08/03/2022,10,I,2249,400
27,08/03/2022,10,O,1183,188
27,08/03/2022,11,I,2285,411
27,08/03/2022,11,O,1480,241
27,08/03/2022,12,I,2310,425
27,08/03/2022,12,O,1759,297
27,08/03/2022,13,I,2208,394
27,08/03/2022,13,O,1912,315
27,08/03/2022,14,I,2212,416
27,08/03/2022,14,O,2254,346
27,08/03/2022,15,I,2170,394
27,08/03/2022,15,O,2228,416
27,08/03/2022,16,I,2148,316
27,08/03/2022,16,O,2331,367
27,08/03/2022,17,I,2223,354
27,08/03/2022,17,O,2244,372
27,08/03/2022,18,I,2132,370
27,08/03/2022,18,O,1920,328
27,08/03/2022,19,I,1882,345
27,08/03/2022,19,O,1788,300
27,08/03/2022,20,I,1559,261
27,08/03/2022,20,O,1815,309
27,08/03/2022,21,I,1301,231
27,08/03/2022,21,O,1625,284
27,08/03/2022,22,I,1294,215
27,08/03/2022,22,O,1613,264
27,08/03/2022,23,I,932,148
27,08/03/2022,23,O,1137,204
28,08/03/2022,0,I,110,27
28,08/03/2022,0,O,348,65
28,08/03/2022,1,I,55,17
28,08/03/2022,1,O,155,33
28,08/03/2022,2,I,41,8
28,08/03/2022,2,O,95,8
28,08/03/2022,3,I,42,4
28,08/03/2022,3,O,46,10
28,08/03/2022,4,I,132,17
28,08/03/2022,4,O,42,8
28,08/03/2022,5,I,945,108
28,08/03/2022,5,O,144,30
28,08/03/2022,6,I,2522,309
28,08/03/2022,6,O,481,78
28,08/03/2022,7,I,2799,341
28,08/03/2022,7,O,749,126
28,08/03/2022,8,I,2643,357
28,08/03/2022,8,O,805,149
28,08/03/2022,9,I,2605,317
28,08/03/2022,9,O,910,156
28,08/03/2022,10,I,2009,266
28,08/03/2022,10,O,1059,163
28,08/03/2022,11,I,1935,267
28,08/03/2022,11,O,1150,174
28,08/03/2022,12,I,1820,282
28,08/03/2022,12,O,1433,252
28,08/03/2022,13,I,1788,313
28,08/03/2022,13,O,1625,239
28,08/03/2022,14,I,1792,275
28,08/03/2022,14,O,1726,265
28,08/03/2022,15,I,1682,282
28,08/03/2022,15,O,2239,371
28,08/03/2022,16,I,1145,222
28,08/03/2022,16,O,2521,358
28,08/03/2022,17,I,1060,157
28,08/03/2022,17,O,2674,346
28,08/03/2022,18,I,1071,195
28,08/03/2022,18,O,2521,330
28,08/03/2022,19,I,1420,236
28,08/03/2022,19,O,1769,245
28,08/03/2022,20,I,998,180
28,08/03/2022,20,O,1399,221
28,08/03/2022,21,I,791,139
28,08/03/2022,21,O,1113,150
28,08/03/2022,22,I,743,124
28,08/03/2022,22,O,881,109
28,08/03/2022,23,I,412,72
28,08/03/2022,23,O,719,108
29,08/03/2022,0,I,439,88
29,08/03/2022,0,O,734,158
29,08/03/2022,1,I,340,55
29,08/03/2022,1,O,422,99
29,08/03/2022,2,I,316,69
29,08/03/2022,2,O,388,87
29,08/03/2022,3,I,335,80
29,08/03/2022,3,O,344,86
29,08/03/2022,4,I,767,109
29,08/03/2022,4,O,625,79
29,08/03/2022,5,I,2570,319
29,08/03/2022,5,O,1422,192
29,08/03/2022,6,I,3728,532
29,08/03/2022,6,O,2405,301
29,08/03/2022,7,I,3315,484
29,08/03/2022,7,O,2165,315
29,08/03/2022,8,I,2956,395
29,08/03/2022,8,O,2168,341
29,08/03/2022,9,I,2558,405
29,08/03/2022,9,O,2282,365
29,08/03/2022,10,I,2111,363
29,08/03/2022,10,O,2262,363
29,08/03/2022,11,I,2042,389
29,08/03/2022,11,O,2047,349
29,08/03/2022,12,I,1841,345
29,08/03/2022,12,O,2270,417
29,08/03/2022,13,I,1827,356
29,08/03/2022,13,O,2331,447
29,08/03/2022,14,I,1844,313
29,08/03/2022,14,O,3674,675
29,08/03/2022,15,I,2040,368
29,08/03/2022,15,O,3998,692
29,08/03/2022,16,I,2174,374
29,08/03/2022,16,O,3828,684
29,08/03/2022,17,I,2128,364
29,08/03/2022,17,O,3840,652
29,08/03/2022,18,I,2158,382
29,08/03/2022,18,O,3685,594
29,08/03/2022,19,I,2106,410
29,08/03/2022,19,O,3091,539
29,08/03/2022,20,I,1889,348
29,08/03/2022,20,O,2136,409
29,08/03/2022,21,I,1606,307
29,08/03/2022,21,O,1541,324
29,08/03/2022,22,I,844,173
29,08/03/2022,22,O,1284,268
29,08/03/2022,23,I,716,158
29,08/03/2022,23,O,1350,336
30,08/03/2022,0,I,1214,236
30,08/03/2022,0,O,1840,263
30,08/03/2022,1,I,832,160
30,08/03/2022,1,O,1127,215
30,08/03/2022,2,I,709,134
30,08/03/2022,2,O,821,123
30,08/03/2022,3,I,898,129
30,08/03/2022,3,O,696,113
30,08/03/2022,4,I,2318,231
30,08/03/2022,4,O,887,125
30,08/03/2022,5,I,5867,452
30,08/03/2022,5,O,1771,226
30,08/03/2022,6,I,8113,663
30,08/03/2022,6,O,3135,369
30,08/03/2022,7,I,7267,596
30,08/03/2022,7,O,4294,557
30,08/03/2022,8,I,6745,587
30,08/03/2022,8,O,4630,534
30,08/03/2022,9,I,6328,647
30,08/03/2022,9,O,4695,616
30,08/03/2022,10,I,5410,615
30,08/03/2022,10,O,4607,611
30,08/03/2022,11,I,5148,717
30,08/03/2022,11,O,4349,554
30,08/03/2022,12,I,4860,692
30,08/03/2022,12,O,4472,640
30,08/03/2022,13,I,4420,649
30,08/03/2022,13,O,5205,707
30,08/03/2022,14,I,4594,658
30,08/03/2022,14,O,6317,719
30,08/03/2022,15,I,4705,705
30,08/03/2022,15,O,6926,722
30,08/03/2022,16,I,4817,612
30,08/03/2022,16,O,7567,764
30,08/03/2022,17,I,4929,607
30,08/03/2022,17,O,7811,773
30,08/03/2022,18,I,4965,628
30,08/03/2022,18,O,7257,773
30,08/03/2022,19,I,4287,604
30,08/03/2022,19,O,5831,665
30,08/03/2022,20,I,3412,547
30,08/03/2022,20,O,5029,659
30,08/03/2022,21,I,3315,547
30,08/03/2022,21,O,3964,517
30,08/03/2022,22,I,2924,468
30,08/03/2022,22,O,3185,419
30,08/03/2022,23,I,2193,387
30,08/03/2022,23,O,2931,364
21,08/02/2022,0,I,1654,357
21,08/02/2022,1,I,952,245
21,08/02/2022,2,I,656,166
21,08/02/2022,3,I,841,177
21,08/02/2022,4,I,1723,289
21,08/02/2022,5,I,4316,640
21,08/02/2022,6,I,8454,1302
21,08/02/2022,7,I,8543,1346
21,08/02/2022,8,I,7888,1338
21,08/02/2022,9,I,7154,1248
21,08/02/2022,10,I,6492,1229
21,08/02/2022,11,I,6552,1336
21,08/02/2022,12,I,6753,1340
21,08/02/2022,13,I,6575,1296
21,08/02/2022,14,I,7085,1337
21,08/02/2022,15,I,7101,1346
21,08/02/2022,16,I,6592,1181
21,08/02/2022,17,I,6274,1183
21,08/02/2022,18,I,6261,1119
21,08/02/2022,19,I,4886,1012
21,08/02/2022,20,I,4217,815
21,08/02/2022,21,I,3591,757
21,08/02/2022,22,I,3348,690
21,08/02/2022,23,I,2905,644
22,08/02/2022,0,O,483,125
22,08/02/2022,1,O,221,54
22,08/02/2022,2,O,177,49
22,08/02/2022,3,O,224,43
22,08/02/2022,4,O,527,66
22,08/02/2022,5,O,1056,115
22,08/02/2022,6,O,1238,147
22,08/02/2022,7,O,1676,259
22,08/02/2022,8,O,1764,247
22,08/02/2022,9,O,1681,258
22,08/02/2022,10,O,1767,277
22,08/02/2022,11,O,1610,272
22,08/02/2022,12,O,1609,291
22,08/02/2022,13,O,1958,348
22,08/02/2022,14,O,2117,376
22,08/02/2022,15,O,2783,466
22,08/02/2022,16,O,2705,507
22,08/02/2022,17,O,2570,434
22,08/02/2022,18,O,2437,467
22,08/02/2022,19,O,1880,363
22,08/02/2022,20,O,1617,302
22,08/02/2022,21,O,1253,273
22,08/02/2022,22,O,932,204
22,08/02/2022,23,O,710,128
23,08/02/2022,0,I,948,220
23,08/02/2022,0,O,787,188
23,08/02/2022,1,I,497,131
23,08/02/2022,1,O,511,139
23,08/02/2022,2,I,395,105
23,08/02/2022,2,O,447,139
23,08/02/2022,3,I,399,108
23,08/02/2022,3,O,654,144
23,08/02/2022,4,I,697,143
23,08/02/2022,4,O,1047,238
23,08/02/2022,5,I,1849,284
23,08/02/2022,5,O,2589,429
23,08/02/2022,6,I,3241,422
23,08/02/2022,6,O,3684,589
23,08/02/2022,7,I,3788,513
23,08/02/2022,7,O,3694,590
23,08/02/2022,8,I,3629,502
23,08/02/2022,8,O,3684,705
23,08/02/2022,9,I,3720,591
23,08/02/2022,9,O,2604,491
23,08/02/2022,10,I,3268,572
23,08/02/2022,10,O,2359,436
23,08/02/2022,11,I,3341,630
23,08/02/2022,11,O,2320,406
23,08/02/2022,12,I,2922,605
23,08/02/2022,12,O,2539,505
23,08/02/2022,13,I,2984,603
23,08/02/2022,13,O,3511,760
23,08/02/2022,14,I,3530,619
23,08/02/2022,14,O,3394,681
23,08/02/2022,15,I,3598,676
23,08/02/2022,15,O,3360,657
23,08/02/2022,16,I,3959,655
23,08/02/2022,16,O,3559,705
23,08/02/2022,17,I,3755,653
23,08/02/2022,17,O,3382,618
23,08/02/2022,18,I,3308,629
23,08/02/2022,18,O,2940,588
23,08/02/2022,19,I,2636,515
23,08/02/2022,19,O,3166,611
23,08/02/2022,20,I,2048,440
23,08/02/2022,20,O,2421,522
23,08/02/2022,21,I,2004,455
23,08/02/2022,21,O,2205,480
23,08/02/2022,22,I,2144,469
23,08/02/2022,22,O,1714,398
23,08/02/2022,23,I,1541,331
23,08/02/2022,23,O,1326,295
24,08/02/2022,0,I,173,57
24,08/02/2022,0,O,225,47
24,08/02/2022,1,I,105,45
24,08/02/2022,1,O,80,23
24,08/02/2022,2,I,51,22
24,08/02/2022,2,O,51,16
24,08/02/2022,3,I,85,11
24,08/02/2022,3,O,38,15
24,08/02/2022,4,I,176,19
24,08/02/2022,4,O,33,13
24,08/02/2022,5,I,746,82
24,08/02/2022,5,O,112,12
24,08/02/2022,6,I,2428,284
24,08/02/2022,6,O,459,45
24,08/02/2022,7,I,2618,345
24,08/02/2022,7,O,983,119
24,08/02/2022,8,I,2551,331
24,08/02/2022,8,O,1345,157
24,08/02/2022,9,I,2267,346
24,08/02/2022,9,O,1046,143
24,08/02/2022,10,I,2107,403
24,08/02/2022,10,O,1208,194
24,08/02/2022,11,I,1958,371
24,08/02/2022,11,O,1466,253
24,08/02/2022,12,I,1941,368
24,08/02/2022,12,O,1529,280
24,08/02/2022,13,I,1930,370
24,08/02/2022,13,O,1765,318
24,08/02/2022,14,I,2143,413
24,08/02/2022,14,O,1870,324
24,08/02/2022,15,I,2379,415
24,08/02/2022,15,O,2203,402
24,08/02/2022,16,I,2391,371
24,08/02/2022,16,O,2209,305
24,08/02/2022,17,I,2300,363
24,08/02/2022,17,O,2714,387
24,08/02/2022,18,I,1847,288
24,08/02/2022,18,O,2090,315
24,08/02/2022,19,I,1249,236
24,08/02/2022,19,O,1476,224
24,08/02/2022,20,I,827,163
24,08/02/2022,20,O,1016,140
24,08/02/2022,21,I,542,99
24,08/02/2022,21,O,896,130
24,08/02/2022,22,I,466,101
24,08/02/2022,22,O,799,131
24,08/02/2022,23,I,374,87
24,08/02/2022,23,O,473,103
25,08/02/2022,0,I,108,16
25,08/02/2022,0,O,56,15
25,08/02/2022,1,I,68,16
25,08/02/2022,1,O,37,14
25,08/02/2022,2,I,28,6
25,08/02/2022,2,O,29,6
25,08/02/2022,3,I,31,8
25,08/02/2022,3,O,31,7
25,08/02/2022,4,I,59,9
25,08/02/2022,4,O,98,14
25,08/02/2022,5,I,139,13
25,08/02/2022,5,O,386,18
25,08/02/2022,6,I,294,62
25,08/02/2022,6,O,686,48
25,08/02/2022,7,I,386,46
25,08/02/2022,7,O,987,62
25,08/02/2022,8,I,425,82
25,08/02/2022,8,O,886,74
25,08/02/2022,9,I,524,82
25,08/02/2022,9,O,731,63
25,08/02/2022,10,I,589,98
25,08/02/2022,10,O,629,66
25,08/02/2022,11,I,703,146
25,08/02/2022,11,O,597,47
25,08/02/2022,12,I,832,161
25,08/02/2022,12,O,574,69
25,08/02/2022,13,I,739,152
25,08/02/2022,13,O,573,66
25,08/02/2022,14,I,795,142
25,08/02/2022,14,O,612,74
25,08/02/2022,15,I,1015,196
25,08/02/2022,15,O,681,91
25,08/02/2022,16,I,845,140
25,08/02/2022,16,O,796,96
25,08/02/2022,17,I,1200,148
25,08/02/2022,17,O,717,105
25,08/02/2022,18,I,990,139
25,08/02/2022,18,O,726,72
25,08/02/2022,19,I,671,87
25,08/02/2022,19,O,523,53
25,08/02/2022,20,I,488,56
25,08/02/2022,20,O,488,78
25,08/02/2022,21,I,315,45
25,08/02/2022,21,O,373,55
25,08/02/2022,22,I,265,42
25,08/02/2022,22,O,261,35
25,08/02/2022,23,I,189,35
25,08/02/2022,23,O,182,24
26,08/02/2022,0,I,139,21
26,08/02/2022,0,O,72,10
26,08/02/2022,1,I,78,16
26,08/02/2022,1,O,52,13
26,08/02/2022,2,I,52,9
26,08/02/2022,2,O,49,10
26,08/02/2022,3,I,47,10
26,08/02/2022,3,O,60,11
26,08/02/2022,4,I,49,16
26,08/02/2022,4,O,175,26
26,08/02/2022,5,I,125,20
26,08/02/2022,5,O,417,48
26,08/02/2022,6,I,298,46
26,08/02/2022,6,O,613,90
26,08/02/2022,7,I,360,48
26,08/02/2022,7,O,769,86
26,08/02/2022,8,I,444,59
26,08/02/2022,8,O,722,76
26,08/02/2022,9,I,480,84
26,08/02/2022,9,O,596,69
26,08/02/2022,10,I,493,112
26,08/02/2022,10,O,516,65
26,08/02/2022,11,I,556,88
26,08/02/2022,11,O,550,76
26,08/02/2022,12,I,624,101
26,08/02/2022,12,O,573,78
26,08/02/2022,13,I,679,99
26,08/02/2022,13,O,570,96
26,08/02/2022,14,I,725,109
26,08/02/2022,14,O,672,131
26,08/02/2022,15,I,761,94
26,08/02/2022,15,O,739,149
26,08/02/2022,16,I,740,100
26,08/02/2022,16,O,768,163
26,08/02/2022,17,I,866,117
26,08/02/2022,17,O,740,130
26,08/02/2022,18,I,761,95
26,08/02/2022,18,O,603,121
26,08/02/2022,19,I,636,102
26,08/02/2022,19,O,516,98
26,08/02/2022,20,I,470,58
26,08/02/2022,20,O,448,89
26,08/02/2022,21,I,373,57
26,08/02/2022,21,O,320,69
26,08/02/2022,22,I,306,42
26,08/02/2022,22,O,242,62
26,08/02/2022,23,I,234,44
26,08/02/2022,23,O,175,38
27,08/02/2022,0,I,570,86
27,08/02/2022,0,O,638,151
27,08/02/2022,1,I,207,54
27,08/02/2022,1,O,330,71
27,08/02/2022,2,I,122,32
27,08/02/2022,2,O,216,71
27,08/02/2022,3,I,131,18
27,08/02/2022,3,O,220,38
27,08/02/2022,4,I,283,40
27,08/02/2022,4,O,388,60
27,08/02/2022,5,I,1040,154
27,08/02/2022,5,O,702,85
27,08/02/2022,6,I,2300,333
27,08/02/2022,6,O,998,175
27,08/02/2022,7,I,2677,367
27,08/02/2022,7,O,1115,181
27,08/02/2022,8,I,2991,491
27,08/02/2022,8,O,1032,166
27,08/02/2022,9,I,2952,485
27,08/02/2022,9,O,1110,205
27,08/02/2022,10,I,2388,402
27,08/02/2022,10,O,1135,190
27,08/02/2022,11,I,2164,423
27,08/02/2022,11,O,1730,328
27,08/02/2022,12,I,2165,381
27,08/02/2022,12,O,1894,352
27,08/02/2022,13,I,2029,312
27,08/02/2022,13,O,2014,339
27,08/02/2022,14,I,2108,379
27,08/02/2022,14,O,2093,368
27,08/02/2022,15,I,2178,362
27,08/02/2022,15,O,2303,378
27,08/02/2022,16,I,2181,341
27,08/02/2022,16,O,2240,355
27,08/02/2022,17,I,2078,312
27,08/02/2022,17,O,2169,331
27,08/02/2022,18,I,1826,311
27,08/02/2022,18,O,1734,303
27,08/02/2022,19,I,1443,261
27,08/02/2022,19,O,1717,306
27,08/02/2022,20,I,1404,242
27,08/02/2022,20,O,1619,219
27,08/02/2022,21,I,1281,243
27,08/02/2022,21,O,1443,244
27,08/02/2022,22,I,1166,189
27,08/02/2022,22,O,1419,240
27,08/02/2022,23,I,766,134
27,08/02/2022,23,O,1104,207
28,08/02/2022,0,I,110,20
28,08/02/2022,0,O,369,61
28,08/02/2022,1,I,56,10
28,08/02/2022,1,O,187,29
28,08/02/2022,2,I,26,7
28,08/02/2022,2,O,73,7
28,08/02/2022,3,I,29,4
28,08/02/2022,3,O,45,7
28,08/02/2022,4,I,138,19
28,08/02/2022,4,O,47,9
28,08/02/2022,5,I,809,88
28,08/02/2022,5,O,157,24
28,08/02/2022,6,I,2503,292
28,08/02/2022,6,O,457,66
28,08/02/2022,7,I,2889,360
28,08/02/2022,7,O,792,139
28,08/02/2022,8,I,2824,351
28,08/02/2022,8,O,789,132
28,08/02/2022,9,I,2602,320
28,08/02/2022,9,O,815,135
28,08/02/2022,10,I,2048,311
28,08/02/2022,10,O,1153,151
28,08/02/2022,11,I,1924,302
28,08/02/2022,11,O,1111,178
28,08/02/2022,12,I,1634,266
28,08/02/2022,12,O,1501,228
28,08/02/2022,13,I,1717,286
28,08/02/2022,13,O,1472,235
28,08/02/2022,14,I,1808,335
28,08/02/2022,14,O,1787,282
28,08/02/2022,15,I,1687,306
28,08/02/2022,15,O,2216,385
28,08/02/2022,16,I,1148,188
28,08/02/2022,16,O,2468,357
28,08/02/2022,17,I,1032,164
28,08/02/2022,17,O,2494,382
28,08/02/2022,18,I,1061,175
28,08/02/2022,18,O,2391,311
28,08/02/2022,19,I,1154,225
28,08/02/2022,19,O,1890,269
28,08/02/2022,20,I,838,159
28,08/02/2022,20,O,1205,195
28,08/02/2022,21,I,700,138
28,08/02/2022,21,O,957,131
28,08/02/2022,22,I,556,98
28,08/02/2022,22,O,866,122
28,08/02/2022,23,I,314,60
28,08/02/2022,23,O,595,80
29,08/02/2022,0,I,418,92
29,08/02/2022,0,O,715,170
29,08/02/2022,1,I,333,71
29,08/02/2022,1,O,484,134
29,08/02/2022,2,I,323,53
29,08/02/2022,2,O,327,73
29,08/02/2022,3,I,418,74
29,08/02/2022,3,O,406,97
29,08/02/2022,4,I,859,127
29,08/02/2022,4,O,651,104
29,08/02/2022,5,I,2538,333
29,08/02/2022,5,O,1426,226
29,08/02/2022,6,I,3775,578
29,08/02/2022,6,O,2317,313
29,08/02/2022,7,I,3526,520
29,08/02/2022,7,O,2123,282
29,08/02/2022,8,I,3418,515
29,08/02/2022,8,O,2322,377
29,08/02/2022,9,I,2095,353
29,08/02/2022,9,O,2154,333
29,08/02/2022,10,I,2574,439
29,08/02/2022,10,O,2222,361
29,08/02/2022,11,I,1826,338
29,08/02/2022,11,O,2677,497
29,08/02/2022,12,I,1809,327
29,08/02/2022,12,O,2297,438
29,08/02/2022,13,I,1972,373
29,08/02/2022,13,O,2313,411
29,08/02/2022,14,I,1930,351
29,08/02/2022,14,O,3420,686
29,08/02/2022,15,I,2163,363
29,08/02/2022,15,O,3815,703
29,08/02/2022,16,I,2132,366
29,08/02/2022,16,O,3720,656
29,08/02/2022,17,I,2193,406
29,08/02/2022,17,O,3869,675
29,08/02/2022,18,I,2190,404
29,08/02/2022,18,O,3631,585
29,08/02/2022,19,I,1914,368
29,08/02/2022,19,O,2773,535
29,08/02/2022,20,I,1842,342
29,08/02/2022,20,O,2201,402
29,08/02/2022,21,I,1470,299
29,08/02/2022,21,O,1594,325
29,08/02/2022,22,I,770,163
29,08/02/2022,22,O,1388,300
29,08/02/2022,23,I,711,131
29,08/02/2022,23,O,1308,333
30,08/02/2022,0,I,1144,214
30,08/02/2022,0,O,1688,253
30,08/02/2022,1,I,872,156
30,08/02/2022,1,O,1177,180
30,08/02/2022,2,I,662,166
30,08/02/2022,2,O,758,126
30,08/02/2022,3,I,950,141
30,08/02/2022,3,O,604,98
30,08/02/2022,4,I,2321,230
30,08/02/2022,4,O,989,147
30,08/02/2022,5,I,5770,443
30,08/02/2022,5,O,1752,247
30,08/02/2022,6,I,8290,656
30,08/02/2022,6,O,3114,357
30,08/02/2022,7,I,7561,655
30,08/02/2022,7,O,4241,528
30,08/02/2022,8,I,6880,582
30,08/02/2022,8,O,4860,551
30,08/02/2022,9,I,6278,555
30,08/02/2022,9,O,4316,554
30,08/02/2022,10,I,5223,609
30,08/02/2022,10,O,4422,615
30,08/02/2022,11,I,4951,722
30,08/02/2022,11,O,4400,611
30,08/02/2022,12,I,4612,729
30,08/02/2022,12,O,4381,585
30,08/02/2022,13,I,4556,698
30,08/02/2022,13,O,5015,626
30,08/02/2022,14,I,4547,624
30,08/02/2022,14,O,6063,691
30,08/02/2022,15,I,4564,647
30,08/02/2022,15,O,6902,717
30,08/02/2022,16,I,4736,641
30,08/02/2022,16,O,7618,765
30,08/02/2022,17,I,4886,562
30,08/02/2022,17,O,7820,744
30,08/02/2022,18,I,4128,499
30,08/02/2022,18,O,7005,717
30,08/02/2022,19,I,4511,647
30,08/02/2022,19,O,5727,620
30,08/02/2022,20,I,3385,526
30,08/02/2022,20,O,4386,543
30,08/02/2022,21,I,2939,483
30,08/02/2022,21,O,3587,473
30,08/02/2022,22,I,2710,423
30,08/02/2022,22,O,3247,430
30,08/02/2022,23,I,1972,354
30,08/02/2022,23,O,2761,333
21,08/01/2022,0,I,2174,436
21,08/01/2022,1,I,1116,285
21,08/01/2022,2,I,778,200
21,08/01/2022,3,I,849,182
21,08/01/2022,4,I,1719,323
21,08/01/2022,5,I,4103,574
21,08/01/2022,6,I,7544,1089
21,08/01/2022,7,I,7785,1215
21,08/01/2022,8,I,7054,1171
21,08/01/2022,9,I,6109,1102
21,08/01/2022,10,I,6950,1213
21,08/01/2022,11,I,5820,1079
21,08/01/2022,12,I,6395,1258
21,08/01/2022,13,I,6776,1381
21,08/01/2022,14,I,7195,1410
21,08/01/2022,15,I,7336,1365
21,08/01/2022,16,I,6657,1223
21,08/01/2022,17,I,6155,1088
21,08/01/2022,18,I,6116,1156
21,08/01/2022,19,I,4912,1015
21,08/01/2022,20,I,4012,813
21,08/01/2022,21,I,3510,738
21,08/01/2022,22,I,3349,683
21,08/01/2022,23,I,2455,572
22,08/01/2022,0,O,708,156
22,08/01/2022,1,O,300,82
22,08/01/2022,2,O,201,54
22,08/01/2022,3,O,261,49
22,08/01/2022,4,O,566,63
22,08/01/2022,5,O,1131,114
22,08/01/2022,6,O,1231,145
22,08/01/2022,7,O,1403,170
22,08/01/2022,8,O,1753,217
22,08/01/2022,9,O,1822,260
22,08/01/2022,10,O,1636,267
22,08/01/2022,11,O,2017,382
22,08/01/2022,12,O,1988,368
22,08/01/2022,13,O,2084,377
22,08/01/2022,14,O,2007,318
22,08/01/2022,15,O,2665,494
22,08/01/2022,16,O,2715,495
22,08/01/2022,17,O,2508,453
22,08/01/2022,18,O,2057,354
22,08/01/2022,19,O,1767,273
22,08/01/2022,20,O,1417,290
22,08/01/2022,21,O,1168,248
22,08/01/2022,22,O,976,199
22,08/01/2022,23,O,790,196
23,08/01/2022,0,I,1408,354
23,08/01/2022,0,O,1149,310
23,08/01/2022,1,I,735,214
23,08/01/2022,1,O,677,162
23,08/01/2022,2,I,505,146
23,08/01/2022,2,O,452,102
23,08/01/2022,3,I,451,137
23,08/01/2022,3,O,638,161
23,08/01/2022,4,I,795,150
23,08/01/2022,4,O,1125,259
23,08/01/2022,5,I,1686,277
23,08/01/2022,5,O,2259,381
23,08/01/2022,6,I,3475,458
23,08/01/2022,6,O,3240,507
23,08/01/2022,7,I,4040,550
23,08/01/2022,7,O,3870,631
23,08/01/2022,8,I,3871,522
23,08/01/2022,8,O,3939,631
23,08/01/2022,9,I,3791,558
23,08/01/2022,9,O,3187,693
23,08/01/2022,10,I,3249,574
23,08/01/2022,10,O,3118,606
23,08/01/2022,11,I,3352,661
23,08/01/2022,11,O,3250,654
23,08/01/2022,12,I,3460,709
23,08/01/2022,12,O,3436,757
23,08/01/2022,13,I,3489,744
23,08/01/2022,13,O,3485,762
23,08/01/2022,14,I,3796,729
23,08/01/2022,14,O,3561,726
23,08/01/2022,15,I,3787,690
23,08/01/2022,15,O,3597,726
23,08/01/2022,16,I,3421,628
23,08/01/2022,16,O,3731,768
23,08/01/2022,17,I,3553,629
23,08/01/2022,17,O,3560,605
23,08/01/2022,18,I,3254,577
23,08/01/2022,18,O,3253,709
23,08/01/2022,19,I,2693,537
23,08/01/2022,19,O,3064,597
23,08/01/2022,20,I,2074,484
23,08/01/2022,20,O,2532,581
23,08/01/2022,21,I,1933,452
23,08/01/2022,21,O,2084,472
23,08/01/2022,22,I,1707,401
23,08/01/2022,22,O,1697,406
23,08/01/2022,23,I,1378,329
23,08/01/2022,23,O,1438,353
24,08/01/2022,0,I,123,40
24,08/01/2022,0,O,302,74
24,08/01/2022,1,I,74,16
24,08/01/2022,1,O,114,34
24,08/01/2022,2,I,34,23
24,08/01/2022,2,O,63,22
24,08/01/2022,3,I,40,16
24,08/01/2022,3,O,48,21
24,08/01/2022,4,I,135,11
24,08/01/2022,4,O,52,9
24,08/01/2022,5,I,815,86
24,08/01/2022,5,O,107,26
24,08/01/2022,6,I,2827,344
24,08/01/2022,6,O,491,52
24,08/01/2022,7,I,2935,361
24,08/01/2022,7,O,1026,139
24,08/01/2022,8,I,2901,441
24,08/01/2022,8,O,1365,174
24,08/01/2022,9,I,2327,329
24,08/01/2022,9,O,1065,183
24,08/01/2022,10,I,1976,348
24,08/01/2022,10,O,1190,191
24,08/01/2022,11,I,2005,383
24,08/01/2022,11,O,1354,239
24,08/01/2022,12,I,1966,432
24,08/01/2022,12,O,1112,170
24,08/01/2022,13,I,1986,375
24,08/01/2022,13,O,1525,264
24,08/01/2022,14,I,2206,446
24,08/01/2022,14,O,1707,279
24,08/01/2022,15,I,2492,467
24,08/01/2022,15,O,1861,286
24,08/01/2022,16,I,2101,344
24,08/01/2022,16,O,1904,254
24,08/01/2022,17,I,2390,373
24,08/01/2022,17,O,2567,348
24,08/01/2022,18,I,1948,333
24,08/01/2022,18,O,2090,294
24,08/01/2022,19,I,1226,207
24,08/01/2022,19,O,1319,191
24,08/01/2022,20,I,692,145
24,08/01/2022,20,O,858,135
24,08/01/2022,21,I,496,98
24,08/01/2022,21,O,726,118
24,08/01/2022,22,I,420,93
24,08/01/2022,22,O,567,98
24,08/01/2022,23,I,410,106
24,08/01/2022,23,O,496,93
25,08/01/2022,0,I,112,19
25,08/01/2022,0,O,68,19
25,08/01/2022,1,I,51,10
25,08/01/2022,1,O,45,10
25,08/01/2022,2,I,36,6
25,08/01/2022,2,O,28,7
25,08/01/2022,3,I,34,3
25,08/01/2022,3,O,37,10
25,08/01/2022,4,I,56,9
25,08/01/2022,4,O,97,7
25,08/01/2022,5,I,128,7
25,08/01/2022,5,O,363,18
25,08/01/2022,6,I,281,49
25,08/01/2022,6,O,634,49
25,08/01/2022,7,I,302,41
25,08/01/2022,7,O,869,67
25,08/01/2022,8,I,375,48
25,08/01/2022,8,O,841,66
25,08/01/2022,9,I,455,55
25,08/01/2022,9,O,780,79
25,08/01/2022,10,I,430,64
25,08/01/2022,10,O,626,60
25,08/01/2022,11,I,401,70
25,08/01/2022,11,O,644,78
25,08/01/2022,12,I,481,59
25,08/01/2022,12,O,562,59
25,08/01/2022,13,I,552,62
25,08/01/2022,13,O,494,41
25,08/01/2022,14,I,690,80
25,08/01/2022,14,O,540,71
25,08/01/2022,15,I,743,90
25,08/01/2022,15,O,612,71
25,08/01/2022,16,I,913,111
25,08/01/2022,16,O,576,58
25,08/01/2022,17,I,867,107
25,08/01/2022,17,O,493,52
25,08/01/2022,18,I,781,95
25,08/01/2022,18,O,444,54
25,08/01/2022,19,I,561,65
25,08/01/2022,19,O,329,47
25,08/01/2022,20,I,389,47
25,08/01/2022,20,O,298,44
25,08/01/2022,21,I,323,36
25,08/01/2022,21,O,233,29
25,08/01/2022,22,I,230,34
25,08/01/2022,22,O,187,22
25,08/01/2022,23,I,167,25
25,08/01/2022,23,O,115,21
26,08/01/2022,0,I,161,38
26,08/01/2022,0,O,79,24
26,08/01/2022,1,I,80,21
26,08/01/2022,1,O,62,16
26,08/01/2022,2,I,59,10
26,08/01/2022,2,O,46,13
26,08/01/2022,3,I,39,15
26,08/01/2022,3,O,66,5
26,08/01/2022,4,I,62,9
26,08/01/2022,4,O,162,25
26,08/01/2022,5,I,98,16
26,08/01/2022,5,O,379,41
26,08/01/2022,6,I,229,36
26,08/01/2022,6,O,576,77
26,08/01/2022,7,I,350,52
26,08/01/2022,7,O,724,86
26,08/01/2022,8,I,417,53
26,08/01/2022,8,O,696,86
26,08/01/2022,9,I,405,57
26,08/01/2022,9,O,578,56
26,08/01/2022,10,I,382,82
26,08/01/2022,10,O,491,81
26,08/01/2022,11,I,424,62
26,08/01/2022,11,O,502,85
26,08/01/2022,12,I,448,69
26,08/01/2022,12,O,543,87
26,08/01/2022,13,I,506,65
26,08/01/2022,13,O,553,102
26,08/01/2022,14,I,654,75
26,08/01/2022,14,O,567,107
26,08/01/2022,15,I,685,86
26,08/01/2022,15,O,543,99
26,08/01/2022,16,I,688,81
26,08/01/2022,16,O,554,111
26,08/01/2022,17,I,724,89
26,08/01/2022,17,O,556,79
26,08/01/2022,18,I,713,73
26,08/01/2022,18,O,436,75
26,08/01/2022,19,I,561,75
26,08/01/2022,19,O,333,59
26,08/01/2022,20,I,393,60
26,08/01/2022,20,O,285,55
26,08/01/2022,21,I,328,47
26,08/01/2022,21,O,262,58
26,08/01/2022,22,I,259,29
26,08/01/2022,22,O,175,37
26,08/01/2022,23,I,202,26
26,08/01/2022,23,O,104,20
27,08/01/2022,0,I,791,116
27,08/01/2022,0,O,638,165
27,08/01/2022,1,I,315,69
27,08/01/2022,1,O,358,86
27,08/01/2022,2,I,165,32
27,08/01/2022,2,O,211,69
27,08/01/2022,3,I,156,25
27,08/01/2022,3,O,253,53
27,08/01/2022,4,I,293,40
27,08/01/2022,4,O,505,53
27,08/01/2022,5,I,638,68
27,08/01/2022,5,O,724,83
27,08/01/2022,6,I,1493,196
27,08/01/2022,6,O,1029,147
27,08/01/2022,7,I,2965,390
27,08/01/2022,7,O,1156,167
27,08/01/2022,8,I,3054,495
27,08/01/2022,8,O,1086,175
27,08/01/2022,9,I,2963,490
27,08/01/2022,9,O,1103,174
27,08/01/2022,10,I,2259,368
27,08/01/2022,10,O,1376,242
27,08/01/2022,11,I,2206,391
27,08/01/2022,11,O,1720,317
27,08/01/2022,12,I,2114,385
27,08/01/2022,12,O,1683,316
27,08/01/2022,13,I,2200,377
27,08/01/2022,13,O,1815,324
27,08/01/2022,14,I,2166,419
27,08/01/2022,14,O,2040,360
27,08/01/2022,15,I,2201,398
27,08/01/2022,15,O,2109,378
27,08/01/2022,16,I,2309,354
27,08/01/2022,16,O,2245,389
27,08/01/2022,17,I,2284,358
27,08/01/2022,17,O,1947,351
27,08/01/2022,18,I,1979,338
27,08/01/2022,18,O,1598,298
27,08/01/2022,19,I,1634,264
27,08/01/2022,19,O,1440,279
27,08/01/2022,20,I,1438,230
27,08/01/2022,20,O,1323,230
27,08/01/2022,21,I,1382,231
27,08/01/2022,21,O,1214,205
27,08/01/2022,22,I,1111,185
27,08/01/2022,22,O,1093,225
27,08/01/2022,23,I,813,120
27,08/01/2022,23,O,934,217
28,08/01/2022,0,I,131,33
28,08/01/2022,0,O,461,67
28,08/01/2022,1,I,69,21
28,08/01/2022,1,O,223,37
28,08/01/2022,2,I,36,13
28,08/01/2022,2,O,93,13
28,08/01/2022,3,I,55,9
28,08/01/2022,3,O,37,7
28,08/01/2022,4,I,160,19
28,08/01/2022,4,O,39,12
28,08/01/2022,5,I,860,116
28,08/01/2022,5,O,121,12
28,08/01/2022,6,I,2355,292
28,08/01/2022,6,O,496,68
28,08/01/2022,7,I,2705,359
28,08/01/2022,7,O,757,126
28,08/01/2022,8,I,2648,346
28,08/01/2022,8,O,786,128
28,08/01/2022,9,I,2417,314
28,08/01/2022,9,O,993,170
28,08/01/2022,10,I,1934,232
28,08/01/2022,10,O,905,123
28,08/01/2022,11,I,1601,255
28,08/01/2022,11,O,1036,150
28,08/01/2022,12,I,1721,267
28,08/01/2022,12,O,1398,210
28,08/01/2022,13,I,1646,304
28,08/01/2022,13,O,1577,236
28,08/01/2022,14,I,1807,299
28,08/01/2022,14,O,1782,238
28,08/01/2022,15,I,1695,320
28,08/01/2022,15,O,2223,337
28,08/01/2022,16,I,1116,186
28,08/01/2022,16,O,2454,349
28,08/01/2022,17,I,1069,178
28,08/01/2022,17,O,2614,359
28,08/01/2022,18,I,1035,192
28,08/01/2022,18,O,2109,311
28,08/01/2022,19,I,954,157
28,08/01/2022,19,O,1449,244
28,08/01/2022,20,I,677,128
28,08/01/2022,20,O,1082,145
28,08/01/2022,21,I,553,114
28,08/01/2022,21,O,843,127
28,08/01/2022,22,I,459,108
28,08/01/2022,22,O,709,85
28,08/01/2022,23,I,258,48
28,08/01/2022,23,O,521,92
29,08/01/2022,0,I,694,182
29,08/01/2022,0,O,1069,252
29,08/01/2022,1,I,429,110
29,08/01/2022,1,O,525,142
29,08/01/2022,2,I,371,113
29,08/01/2022,2,O,380,98
29,08/01/2022,3,I,397,87
29,08/01/2022,3,O,392,106
29,08/01/2022,4,I,829,145
29,08/01/2022,4,O,624,100
29,08/01/2022,5,I,2456,302
29,08/01/2022,5,O,1256,187
29,08/01/2022,6,I,3423,504
29,08/01/2022,6,O,2202,387
29,08/01/2022,7,I,3171,471
29,08/01/2022,7,O,2120,402
29,08/01/2022,8,I,3388,520
29,08/01/2022,8,O,2000,440
29,08/01/2022,9,I,3120,531
29,08/01/2022,9,O,2027,356
29,08/01/2022,10,I,2144,376
29,08/01/2022,10,O,1908,353
29,08/01/2022,11,I,1828,337
29,08/01/2022,11,O,1974,342
29,08/01/2022,12,I,2072,407
29,08/01/2022,12,O,2032,382
29,08/01/2022,13,I,2086,415
29,08/01/2022,13,O,2160,558
29,08/01/2022,14,I,1920,343
29,08/01/2022,14,O,2996,588
29,08/01/2022,15,I,2143,350
29,08/01/2022,15,O,3520,614
29,08/01/2022,16,I,2200,373
29,08/01/2022,16,O,3842,643
29,08/01/2022,17,I,2172,371
29,08/01/2022,17,O,3695,572
29,08/01/2022,18,I,2245,366
29,08/01/2022,18,O,3008,537
29,08/01/2022,19,I,1874,358
29,08/01/2022,19,O,2781,449
29,08/01/2022,20,I,1857,374
29,08/01/2022,20,O,2098,375
29,08/01/2022,21,I,1416,268
29,08/01/2022,21,O,1655,355
29,08/01/2022,22,I,850,174
29,08/01/2022,22,O,1532,351
29,08/01/2022,23,I,669,182
29,08/01/2022,23,O,1054,286
30,08/01/2022,0,I,1890,388
30,08/01/2022,0,O,1830,363
30,08/01/2022,1,I,1031,245
30,08/01/2022,1,O,1128,206
30,08/01/2022,2,I,747,169
30,08/01/2022,2,O,718,165
30,08/01/2022,3,I,924,174
30,08/01/2022,3,O,580,130
30,08/01/2022,4,I,2295,231
30,08/01/2022,4,O,841,159
30,08/01/2022,5,I,5525,425
30,08/01/2022,5,O,1756,245
30,08/01/2022,6,I,7877,602
30,08/01/2022,6,O,2953,394
30,08/01/2022,7,I,7396,619
30,08/01/2022,7,O,3869,461
30,08/01/2022,8,I,7001,579
30,08/01/2022,8,O,4855,569
30,08/01/2022,9,I,6407,593
30,08/01/2022,9,O,4355,558
30,08/01/2022,10,I,5483,657
30,08/01/2022,10,O,3660,532
30,08/01/2022,11,I,5369,678
30,08/01/2022,11,O,4236,593
30,08/01/2022,12,I,4906,746
30,08/01/2022,12,O,4467,633
30,08/01/2022,13,I,4720,675
30,08/01/2022,13,O,4861,594
30,08/01/2022,14,I,4893,712
30,08/01/2022,14,O,5886,622
30,08/01/2022,15,I,4650,718
30,08/01/2022,15,O,6934,707
30,08/01/2022,16,I,4801,687
30,08/01/2022,16,O,7380,737
30,08/01/2022,17,I,4945,686
30,08/01/2022,17,O,7826,756
30,08/01/2022,18,I,4728,628
30,08/01/2022,18,O,6893,740
30,08/01/2022,19,I,4032,559
30,08/01/2022,19,O,5457,614
30,08/01/2022,20,I,3211,541
30,08/01/2022,20,O,4184,581
30,08/01/2022,21,I,2943,480
30,08/01/2022,21,O,3284,479
30,08/01/2022,22,I,2633,384
30,08/01/2022,22,O,2876,389
30,08/01/2022,23,I,1949,328
30,08/01/2022,23,O,2611,355
21,07/31/2022,0,I,3211,656
21,07/31/2022,1,I,2239,741
21,07/31/2022,2,I,1611,454
21,07/31/2022,3,I,1407,373
21,07/31/2022,4,I,1551,374
21,07/31/2022,5,I,1620,317
21,07/31/2022,6,I,2219,415
21,07/31/2022,7,I,2694,496
21,07/31/2022,8,I,3291,624
21,07/31/2022,9,I,4419,822
21,07/31/2022,10,I,5679,1085
21,07/31/2022,11,I,6457,1245
21,07/31/2022,12,I,6626,1296
21,07/31/2022,13,I,6690,1332
21,07/31/2022,14,I,7451,1471
21,07/31/2022,15,I,7231,1512
21,07/31/2022,16,I,7082,1446
21,07/31/2022,17,I,7170,1434
21,07/31/2022,18,I,6865,1331
21,07/31/2022,19,I,7018,1416
21,07/31/2022,20,I,6683,1272
21,07/31/2022,21,I,6273,1209
21,07/31/2022,22,I,5258,964
21,07/31/2022,23,I,3710,684
22,07/31/2022,0,O,1187,275
22,07/31/2022,1,O,730,206
22,07/31/2022,2,O,549,133
22,07/31/2022,3,O,469,94
22,07/31/2022,4,O,528,113
22,07/31/2022,5,O,583,91
22,07/31/2022,6,O,696,59
22,07/31/2022,7,O,889,127
22,07/31/2022,8,O,1152,159
22,07/31/2022,9,O,1433,201
22,07/31/2022,10,O,1908,327
22,07/31/2022,11,O,2059,308
22,07/31/2022,12,O,2299,393
22,07/31/2022,13,O,2422,457
22,07/31/2022,14,O,2107,414
22,07/31/2022,15,O,2381,444
22,07/31/2022,16,O,2379,517
22,07/31/2022,17,O,2418,531
22,07/31/2022,18,O,2180,480
22,07/31/2022,19,O,2130,427
22,07/31/2022,20,O,1697,382
22,07/31/2022,21,O,1464,294
22,07/31/2022,22,O,1302,221
22,07/31/2022,23,O,1165,217
23,07/31/2022,0,I,2332,626
23,07/31/2022,0,O,1867,494
23,07/31/2022,1,I,1233,350
23,07/31/2022,1,O,1137,368
23,07/31/2022,2,I,866,271
23,07/31/2022,2,O,948,365
23,07/31/2022,3,I,696,233
23,07/31/2022,3,O,801,243
23,07/31/2022,4,I,799,240
23,07/31/2022,4,O,994,223
23,07/31/2022,5,I,990,190
23,07/31/2022,5,O,1249,297
23,07/31/2022,6,I,1510,288
23,07/31/2022,6,O,1501,335
23,07/31/2022,7,I,1820,341
23,07/31/2022,7,O,1937,379
23,07/31/2022,8,I,2332,401
23,07/31/2022,8,O,2063,423
23,07/31/2022,9,I,3653,635
23,07/31/2022,9,O,2688,568
23,07/31/2022,10,I,3685,740
23,07/31/2022,10,O,2865,630
23,07/31/2022,11,I,3751,760
23,07/31/2022,11,O,3369,773
23,07/31/2022,12,I,3802,770
23,07/31/2022,12,O,3483,770
23,07/31/2022,13,I,3708,816
23,07/31/2022,13,O,3264,784
23,07/31/2022,14,I,3792,772
23,07/31/2022,14,O,3469,840
23,07/31/2022,15,I,3738,829
23,07/31/2022,15,O,3402,801
23,07/31/2022,16,I,3755,808
23,07/31/2022,16,O,3661,829
23,07/31/2022,17,I,3762,810
23,07/31/2022,17,O,3727,803
23,07/31/2022,18,I,3797,775
23,07/31/2022,18,O,3718,816
23,07/31/2022,19,I,3599,755
23,07/31/2022,19,O,3637,794
23,07/31/2022,20,I,3529,760
23,07/31/2022,20,O,3600,763
23,07/31/2022,21,I,3481,836
23,07/31/2022,21,O,3403,671
23,07/31/2022,22,I,3196,741
23,07/31/2022,22,O,2963,675
23,07/31/2022,23,I,1958,421
23,07/31/2022,23,O,2094,468
24,07/31/2022,0,I,369,74
24,07/31/2022,0,O,871,182
24,07/31/2022,1,I,185,47
24,07/31/2022,1,O,434,102
24,07/31/2022,2,I,89,13
24,07/31/2022,2,O,315,78
24,07/31/2022,3,I,60,9
24,07/31/2022,3,O,190,46
24,07/31/2022,4,I,76,18
24,07/31/2022,4,O,121,42
24,07/31/2022,5,I,159,27
24,07/31/2022,5,O,83,29
24,07/31/2022,6,I,378,46
24,07/31/2022,6,O,158,15
24,07/31/2022,7,I,419,78
24,07/31/2022,7,O,283,49
24,07/31/2022,8,I,649,83
24,07/31/2022,8,O,432,78
24,07/31/2022,9,I,1051,133
24,07/31/2022,9,O,685,93
24,07/31/2022,10,I,1972,334
24,07/31/2022,10,O,1016,155
24,07/31/2022,11,I,2437,421
24,07/31/2022,11,O,1324,206
24,07/31/2022,12,I,2617,452
24,07/31/2022,12,O,1444,239
24,07/31/2022,13,I,2555,428
24,07/31/2022,13,O,1539,234
24,07/31/2022,14,I,2522,449
24,07/31/2022,14,O,1729,280
24,07/31/2022,15,I,2556,450
24,07/31/2022,15,O,2201,438
24,07/31/2022,16,I,2411,483
24,07/31/2022,16,O,2163,429
24,07/31/2022,17,I,2522,476
24,07/31/2022,17,O,1974,360
24,07/31/2022,18,I,2565,460
24,07/31/2022,18,O,1760,338
24,07/31/2022,19,I,2139,380
24,07/31/2022,19,O,1402,275
24,07/31/2022,20,I,1841,337
24,07/31/2022,20,O,1202,245
24,07/31/2022,21,I,1711,333
24,07/31/2022,21,O,1002,183
24,07/31/2022,22,I,955,213
24,07/31/2022,22,O,860,173
24,07/31/2022,23,I,445,105
24,07/31/2022,23,O,660,141
25,07/31/2022,0,I,188,34
25,07/31/2022,0,O,207,25
25,07/31/2022,1,I,154,25
25,07/31/2022,1,O,118,31
25,07/31/2022,2,I,78,14
25,07/31/2022,2,O,75,15
25,07/31/2022,3,I,46,14
25,07/31/2022,3,O,54,6
25,07/31/2022,4,I,52,5
25,07/31/2022,4,O,52,10
25,07/31/2022,5,I,79,11
25,07/31/2022,5,O,85,15
25,07/31/2022,6,I,126,22
25,07/31/2022,6,O,204,20
25,07/31/2022,7,I,190,22
25,07/31/2022,7,O,249,25
25,07/31/2022,8,I,384,46
25,07/31/2022,8,O,332,42
25,07/31/2022,9,I,652,78
25,07/31/2022,9,O,436,49
25,07/31/2022,10,I,969,121
25,07/31/2022,10,O,533,51
25,07/31/2022,11,I,1174,169
25,07/31/2022,11,O,611,76
25,07/31/2022,12,I,1165,182
25,07/31/2022,12,O,671,76
25,07/31/2022,13,I,1129,198
25,07/31/2022,13,O,701,91
25,07/31/2022,14,I,923,156
25,07/31/2022,14,O,748,93
25,07/31/2022,15,I,788,130
25,07/31/2022,15,O,845,96
25,07/31/2022,16,I,683,130
25,07/31/2022,16,O,1056,154
25,07/31/2022,17,I,602,123
25,07/31/2022,17,O,1076,145
25,07/31/2022,18,I,463,90
25,07/31/2022,18,O,1195,175
25,07/31/2022,19,I,444,64
25,07/31/2022,19,O,976,139
25,07/31/2022,20,I,363,53
25,07/31/2022,20,O,715,99
25,07/31/2022,21,I,311,42
25,07/31/2022,21,O,511,85
25,07/31/2022,22,I,258,42
25,07/31/2022,22,O,307,41
25,07/31/2022,23,I,184,35
25,07/31/2022,23,O,173,28
26,07/31/2022,0,I,257,47
26,07/31/2022,0,O,161,43
26,07/31/2022,1,I,176,41
26,07/31/2022,1,O,107,41
26,07/31/2022,2,I,120,22
26,07/31/2022,2,O,94,34
26,07/31/2022,3,I,105,17
26,07/31/2022,3,O,77,15
26,07/31/2022,4,I,88,22
26,07/31/2022,4,O,75,21
26,07/31/2022,5,I,92,23
26,07/31/2022,5,O,108,13
26,07/31/2022,6,I,174,23
26,07/31/2022,6,O,189,38
26,07/31/2022,7,I,229,36
26,07/31/2022,7,O,263,28
26,07/31/2022,8,I,374,53
26,07/31/2022,8,O,300,38
26,07/31/2022,9,I,590,71
26,07/31/2022,9,O,414,57
26,07/31/2022,10,I,642,113
26,07/31/2022,10,O,502,69
26,07/31/2022,11,I,746,120
26,07/31/2022,11,O,597,82
26,07/31/2022,12,I,767,147
26,07/31/2022,12,O,546,98
26,07/31/2022,13,I,755,153
26,07/31/2022,13,O,667,115
26,07/31/2022,14,I,693,124
26,07/31/2022,14,O,726,152
26,07/31/2022,15,I,652,143
26,07/31/2022,15,O,797,171
26,07/31/2022,16,I,637,105
26,07/31/2022,16,O,890,151
26,07/31/2022,17,I,515,97
26,07/31/2022,17,O,837,175
26,07/31/2022,18,I,470,75
26,07/31/2022,18,O,1017,231
26,07/31/2022,19,I,434,51
26,07/31/2022,19,O,776,195
26,07/31/2022,20,I,329,59
26,07/31/2022,20,O,588,113
26,07/31/2022,21,I,315,40
26,07/31/2022,21,O,426,100
26,07/31/2022,22,I,260,48
26,07/31/2022,22,O,267,50
26,07/31/2022,23,I,248,43
26,07/31/2022,23,O,150,37
27,07/31/2022,0,I,1278,237
27,07/31/2022,0,O,1803,449
27,07/31/2022,1,I,717,129
27,07/31/2022,1,O,1235,289
27,07/31/2022,2,I,522,65
27,07/31/2022,2,O,825,159
27,07/31/2022,3,I,432,73
27,07/31/2022,3,O,728,137
27,07/31/2022,4,I,356,40
27,07/31/2022,4,O,719,126
27,07/31/2022,5,I,371,54
27,07/31/2022,5,O,564,71
27,07/31/2022,6,I,653,99
27,07/31/2022,6,O,600,53
27,07/31/2022,7,I,781,106
27,07/31/2022,7,O,727,82
27,07/31/2022,8,I,891,160
27,07/31/2022,8,O,885,93
27,07/31/2022,9,I,1260,206
27,07/31/2022,9,O,1114,151
27,07/31/2022,10,I,1824,372
27,07/31/2022,10,O,1262,205
27,07/31/2022,11,I,2067,434
27,07/31/2022,11,O,1531,274
27,07/31/2022,12,I,2180,425
27,07/31/2022,12,O,1193,182
27,07/31/2022,13,I,2203,461
27,07/31/2022,13,O,1600,250
27,07/31/2022,14,I,2241,417
27,07/31/2022,14,O,1772,292
27,07/31/2022,15,I,2286,373
27,07/31/2022,15,O,1987,369
27,07/31/2022,16,I,2318,405
27,07/31/2022,16,O,2002,338
27,07/31/2022,17,I,2311,422
27,07/31/2022,17,O,1993,382
27,07/31/2022,18,I,2309,400
27,07/31/2022,18,O,1907,344
27,07/31/2022,19,I,2274,376
27,07/31/2022,19,O,1761,388
27,07/31/2022,20,I,1963,363
27,07/31/2022,20,O,1888,448
27,07/31/2022,21,I,2046,324
27,07/31/2022,21,O,1689,353
27,07/31/2022,22,I,2142,363
27,07/31/2022,22,O,1575,389
27,07/31/2022,23,I,1358,223
27,07/31/2022,23,O,1172,277
28,07/31/2022,0,I,476,102
28,07/31/2022,0,O,1332,224
28,07/31/2022,1,I,204,58
28,07/31/2022,1,O,505,70
28,07/31/2022,2,I,91,22
28,07/31/2022,2,O,204,37
28,07/31/2022,3,I,59,22
28,07/31/2022,3,O,120,23
28,07/31/2022,4,I,51,16
28,07/31/2022,4,O,113,19
28,07/31/2022,5,I,120,30
28,07/31/2022,5,O,67,19
28,07/31/2022,6,I,329,43
28,07/31/2022,6,O,88,25
28,07/31/2022,7,I,405,73
28,07/31/2022,7,O,176,28
28,07/31/2022,8,I,592,89
28,07/31/2022,8,O,244,42
28,07/31/2022,9,I,1181,159
28,07/31/2022,9,O,404,86
28,07/31/2022,10,I,1432,186
28,07/31/2022,10,O,763,130
28,07/31/2022,11,I,1757,255
28,07/31/2022,11,O,873,152
28,07/31/2022,12,I,1580,245
28,07/31/2022,12,O,1152,182
28,07/31/2022,13,I,1859,331
28,07/31/2022,13,O,1375,337
28,07/31/2022,14,I,1856,334
28,07/31/2022,14,O,1258,212
28,07/31/2022,15,I,1815,298
28,07/31/2022,15,O,1596,265
28,07/31/2022,16,I,1606,308
28,07/31/2022,16,O,1827,302
28,07/31/2022,17,I,1665,293
28,07/31/2022,17,O,1750,319
28,07/31/2022,18,I,1514,247
28,07/31/2022,18,O,1968,345
28,07/31/2022,19,I,1409,250
28,07/31/2022,19,O,1868,284
28,07/31/2022,20,I,1172,243
28,07/31/2022,20,O,1849,297
28,07/31/2022,21,I,960,169
28,07/31/2022,21,O,1330,183
28,07/31/2022,22,I,738,179
28,07/31/2022,22,O,1161,143
28,07/31/2022,23,I,406,95
28,07/31/2022,23,O,1023,120
29,07/31/2022,0,I,975,200
29,07/31/2022,0,O,1447,428
29,07/31/2022,1,I,745,199
29,07/31/2022,1,O,1054,353
29,07/31/2022,2,I,478,142
29,07/31/2022,2,O,611,198
29,07/31/2022,3,I,358,111
29,07/31/2022,3,O,397,147
29,07/31/2022,4,I,428,105
29,07/31/2022,4,O,359,95
29,07/31/2022,5,I,671,183
29,07/31/2022,5,O,393,87
29,07/31/2022,6,I,1229,210
29,07/31/2022,6,O,728,139
29,07/31/2022,7,I,1713,347
29,07/31/2022,7,O,1113,223
29,07/31/2022,8,I,1994,404
29,07/31/2022,8,O,1892,322
29,07/31/2022,9,I,2062,382
29,07/31/2022,9,O,2742,496
29,07/31/2022,10,I,2102,383
29,07/31/2022,10,O,3310,550
29,07/31/2022,11,I,2101,409
29,07/31/2022,11,O,3572,671
29,07/31/2022,12,I,2221,428
29,07/31/2022,12,O,3601,726
29,07/31/2022,13,I,2261,478
29,07/31/2022,13,O,3690,721
29,07/31/2022,14,I,2101,455
29,07/31/2022,14,O,3658,695
29,07/31/2022,15,I,2285,448
29,07/31/2022,15,O,3806,820
29,07/31/2022,16,I,2418,454
29,07/31/2022,16,O,3927,791
29,07/31/2022,17,I,2326,453
29,07/31/2022,17,O,3839,832
29,07/31/2022,18,I,2339,477
29,07/31/2022,18,O,3879,790
29,07/31/2022,19,I,2267,430
29,07/31/2022,19,O,3533,712
29,07/31/2022,20,I,2132,406
29,07/31/2022,20,O,3615,732
29,07/31/2022,21,I,2010,437
29,07/31/2022,21,O,3126,664
29,07/31/2022,22,I,1949,424
29,07/31/2022,22,O,2292,535
29,07/31/2022,23,I,1406,327
29,07/31/2022,23,O,1737,425
30,07/31/2022,0,I,2582,491
30,07/31/2022,0,O,3292,560
30,07/31/2022,1,I,1909,396
30,07/31/2022,1,O,2204,433
30,07/31/2022,2,I,867,211
30,07/31/2022,2,O,1374,341
30,07/31/2022,3,I,699,182
30,07/31/2022,3,O,1126,211
30,07/31/2022,4,I,852,161
30,07/31/2022,4,O,1019,239
30,07/31/2022,5,I,1277,182
30,07/31/2022,5,O,1148,226
30,07/31/2022,6,I,2217,237
30,07/31/2022,6,O,1655,267
30,07/31/2022,7,I,2576,261
30,07/31/2022,7,O,2435,348
30,07/31/2022,8,I,3598,403
30,07/31/2022,8,O,3210,479
30,07/31/2022,9,I,4560,532
30,07/31/2022,9,O,4153,619
30,07/31/2022,10,I,5605,645
30,07/31/2022,10,O,4633,733
30,07/31/2022,11,I,5757,797
30,07/31/2022,11,O,5330,777
30,07/31/2022,12,I,5586,891
30,07/31/2022,12,O,5489,819
30,07/31/2022,13,I,5669,851
30,07/31/2022,13,O,5351,878
30,07/31/2022,14,I,5791,861
30,07/31/2022,14,O,5379,762
30,07/31/2022,15,I,5132,811
30,07/31/2022,15,O,5720,841
30,07/31/2022,16,I,5734,855
30,07/31/2022,16,O,5100,755
30,07/31/2022,17,I,6177,928
30,07/31/2022,17,O,5717,850
30,07/31/2022,18,I,6161,914
30,07/31/2022,18,O,5417,791
30,07/31/2022,19,I,6101,938
30,07/31/2022,19,O,5253,823
30,07/31/2022,20,I,5833,961
30,07/31/2022,20,O,4688,688
30,07/31/2022,21,I,5673,885
30,07/31/2022,21,O,4424,687
30,07/31/2022,22,I,5433,846
30,07/31/2022,22,O,3969,645
30,07/31/2022,23,I,4061,690
30,07/31/2022,23,O,3262,539
21,07/23/2022,0,I,2793,694
21,07/23/2022,1,I,1784,574
21,07/23/2022,2,I,1136,351
21,07/23/2022,3,I,1264,306
21,07/23/2022,4,I,1618,370
21,07/23/2022,5,I,2118,365
21,07/23/2022,6,I,3434,526
21,07/23/2022,7,I,4347,767
21,07/23/2022,8,I,4685,885
21,07/23/2022,9,I,5374,1044
21,07/23/2022,10,I,5772,1120
21,07/23/2022,11,I,5915,1257
21,07/23/2022,12,I,6289,1327
21,07/23/2022,13,I,6332,1330
21,07/23/2022,14,I,6665,1404
21,07/23/2022,15,I,5942,1235
21,07/23/2022,16,I,6321,1360
21,07/23/2022,17,I,6776,1455
21,07/23/2022,18,I,6223,1339
21,07/23/2022,19,I,5956,1283
21,07/23/2022,20,I,5284,1149
21,07/23/2022,21,I,5996,1300
21,07/23/2022,22,I,5410,1090
21,07/23/2022,23,I,4751,1037
22,07/23/2022,0,O,964,234
22,07/23/2022,1,O,612,169
22,07/23/2022,2,O,412,97
22,07/23/2022,3,O,345,78
22,07/23/2022,4,O,523,95
22,07/23/2022,5,O,693,83
22,07/23/2022,6,O,822,88
22,07/23/2022,7,O,1124,156
22,07/23/2022,8,O,1527,208
22,07/23/2022,9,O,2196,338
22,07/23/2022,10,O,2368,389
22,07/23/2022,11,O,2233,357
22,07/23/2022,12,O,1971,396
22,07/23/2022,13,O,2216,403
22,07/23/2022,14,O,2212,451
22,07/23/2022,15,O,2414,498
22,07/23/2022,16,O,2375,484
22,07/23/2022,17,O,2118,408
22,07/23/2022,18,O,2138,480
22,07/23/2022,19,O,1964,432
22,07/23/2022,20,O,1694,385
22,07/23/2022,21,O,1695,400
22,07/23/2022,22,O,1704,338
22,07/23/2022,23,O,1450,301
23,07/23/2022,0,I,1537,406
23,07/23/2022,0,O,1216,356
23,07/23/2022,1,I,922,273
23,07/23/2022,1,O,775,283
23,07/23/2022,2,I,641,190
23,07/23/2022,2,O,667,214
23,07/23/2022,3,I,610,182
23,07/23/2022,3,O,743,216
23,07/23/2022,4,I,698,201
23,07/23/2022,4,O,827,242
23,07/23/2022,5,I,1428,274
23,07/23/2022,5,O,1357,293
23,07/23/2022,6,I,3041,530
23,07/23/2022,6,O,1889,439
23,07/23/2022,7,I,3031,494
23,07/23/2022,7,O,2361,513
23,07/23/2022,8,I,3703,607
23,07/23/2022,8,O,2759,577
23,07/23/2022,9,I,3805,708
23,07/23/2022,9,O,2652,560
23,07/23/2022,10,I,3723,744
23,07/23/2022,10,O,2895,616
23,07/23/2022,11,I,3625,836
23,07/23/2022,11,O,2966,706
23,07/23/2022,12,I,3751,749
23,07/23/2022,12,O,3091,814
23,07/23/2022,13,I,3658,718
23,07/23/2022,13,O,3217,791
23,07/23/2022,14,I,3627,761
23,07/23/2022,14,O,3151,815
23,07/23/2022,15,I,3661,795
23,07/23/2022,15,O,3485,903
23,07/23/2022,16,I,3709,801
23,07/23/2022,16,O,3577,810
23,07/23/2022,17,I,2956,661
23,07/23/2022,17,O,3543,834
23,07/23/2022,18,I,3308,779
23,07/23/2022,18,O,3459,820
23,07/23/2022,19,I,2861,706
23,07/23/2022,19,O,3359,696
23,07/23/2022,20,I,3053,661
23,07/23/2022,20,O,2834,643
23,07/23/2022,21,I,3337,724
23,07/23/2022,21,O,3109,784
23,07/23/2022,22,I,3592,799
23,07/23/2022,22,O,2807,698
23,07/23/2022,23,I,3294,750
23,07/23/2022,23,O,2226,601
24,07/23/2022,0,I,374,95
24,07/23/2022,0,O,642,128
24,07/23/2022,1,I,169,48
24,07/23/2022,1,O,415,88
24,07/23/2022,2,I,66,26
24,07/23/2022,2,O,205,54
24,07/23/2022,3,I,68,11
24,07/23/2022,3,O,126,29
24,07/23/2022,4,I,120,27
24,07/23/2022,4,O,99,34
24,07/23/2022,5,I,282,44
24,07/23/2022,5,O,101,26
24,07/23/2022,6,I,623,111
24,07/23/2022,6,O,179,31
24,07/23/2022,7,I,846,144
24,07/23/2022,7,O,424,53
24,07/23/2022,8,I,1346,221
24,07/23/2022,8,O,716,109
24,07/23/2022,9,I,1839,340
24,07/23/2022,9,O,1298,217
24,07/23/2022,10,I,2202,457
24,07/23/2022,10,O,1836,301
24,07/23/2022,11,I,2285,449
24,07/23/2022,11,O,1771,256
24,07/23/2022,12,I,2323,477
24,07/23/2022,12,O,1747,292
24,07/23/2022,13,I,2326,494
24,07/23/2022,13,O,1947,343
24,07/23/2022,14,I,2331,491
24,07/23/2022,14,O,2103,389
24,07/23/2022,15,I,2455,473
24,07/23/2022,15,O,2049,414
24,07/23/2022,16,I,2326,447
24,07/23/2022,16,O,1981,346
24,07/23/2022,17,I,2360,441
24,07/23/2022,17,O,1345,257
24,07/23/2022,18,I,2220,488
24,07/23/2022,18,O,1213,222
24,07/23/2022,19,I,2026,456
24,07/23/2022,19,O,1049,176
24,07/23/2022,20,I,1104,213
24,07/23/2022,20,O,1144,249
24,07/23/2022,21,I,952,185
24,07/23/2022,21,O,1290,251
24,07/23/2022,22,I,770,156
24,07/23/2022,22,O,1555,307
24,07/23/2022,23,I,460,95
24,07/23/2022,23,O,1582,343
25,07/23/2022,0,I,171,43
25,07/23/2022,0,O,136,28
25,07/23/2022,1,I,123,23
25,07/23/2022,1,O,82,20
25,07/23/2022,2,I,76,14
25,07/23/2022,2,O,70,6
25,07/23/2022,3,I,53,11
25,07/23/2022,3,O,44,11
25,07/23/2022,4,I,73,8
25,07/23/2022,4,O,65,7
25,07/23/2022,5,I,116,24
25,07/23/2022,5,O,126,12
25,07/23/2022,6,I,197,24
25,07/23/2022,6,O,245,33
25,07/23/2022,7,I,311,46
25,07/23/2022,7,O,365,29
25,07/23/2022,8,I,577,70
25,07/23/2022,8,O,464,41
25,07/23/2022,9,I,893,118
25,07/23/2022,9,O,521,56
25,07/23/2022,10,I,1291,205
25,07/23/2022,10,O,561,58
25,07/23/2022,11,I,1598,263
25,07/23/2022,11,O,607,82
25,07/23/2022,12,I,1663,276
25,07/23/2022,12,O,676,71
25,07/23/2022,13,I,1474,251
25,07/23/2022,13,O,687,86
25,07/23/2022,14,I,1220,266
25,07/23/2022,14,O,765,105
25,07/23/2022,15,I,992,203
25,07/23/2022,15,O,869,136
25,07/23/2022,16,I,892,207
25,07/23/2022,16,O,1109,153
25,07/23/2022,17,I,784,155
25,07/23/2022,17,O,1156,189
25,07/23/2022,18,I,624,110
25,07/23/2022,18,O,1156,195
25,07/23/2022,19,I,528,88
25,07/23/2022,19,O,1082,185
25,07/23/2022,20,I,424,69
25,07/23/2022,20,O,1077,190
25,07/23/2022,21,I,388,50
25,07/23/2022,21,O,861,144
25,07/23/2022,22,I,318,54
25,07/23/2022,22,O,535,88
25,07/23/2022,23,I,291,52
25,07/23/2022,23,O,385,56
26,07/23/2022,0,I,242,44
26,07/23/2022,0,O,166,34
26,07/23/2022,1,I,176,31
26,07/23/2022,1,O,78,23
26,07/23/2022,2,I,93,29
26,07/23/2022,2,O,65,26
26,07/23/2022,3,I,78,19
26,07/23/2022,3,O,67,16
26,07/23/2022,4,I,83,28
26,07/23/2022,4,O,101,14
26,07/23/2022,5,I,129,17
26,07/23/2022,5,O,172,30
26,07/23/2022,6,I,180,30
26,07/23/2022,6,O,267,36
26,07/23/2022,7,I,322,34
26,07/23/2022,7,O,328,37
26,07/23/2022,8,I,584,86
26,07/23/2022,8,O,406,46
26,07/23/2022,9,I,695,111
26,07/23/2022,9,O,465,66
26,07/23/2022,10,I,901,183
26,07/23/2022,10,O,532,77
26,07/23/2022,11,I,846,197
26,07/23/2022,11,O,615,97
26,07/23/2022,12,I,929,193
26,07/23/2022,12,O,671,112
26,07/23/2022,13,I,880,192
26,07/23/2022,13,O,702,124
26,07/23/2022,14,I,796,168
26,07/23/2022,14,O,807,168
26,07/23/2022,15,I,689,150
26,07/23/2022,15,O,915,188
26,07/23/2022,16,I,625,127
26,07/23/2022,16,O,970,212
26,07/23/2022,17,I,624,114
26,07/23/2022,17,O,1056,216
26,07/23/2022,18,I,569,92
26,07/23/2022,18,O,1029,218
26,07/23/2022,19,I,544,83
26,07/23/2022,19,O,880,234
26,07/23/2022,20,I,480,73
26,07/23/2022,20,O,886,205
26,07/23/2022,21,I,395,51
26,07/23/2022,21,O,681,131
26,07/23/2022,22,I,369,68
26,07/23/2022,22,O,496,97
26,07/23/2022,23,I,345,44
26,07/23/2022,23,O,319,76
27,07/23/2022,0,I,1160,165
27,07/23/2022,0,O,1734,325
27,07/23/2022,1,I,654,103
27,07/23/2022,1,O,1231,226
27,07/23/2022,2,I,400,65
27,07/23/2022,2,O,846,181
27,07/23/2022,3,I,352,45
27,07/23/2022,3,O,723,138
27,07/23/2022,4,I,415,48
27,07/23/2022,4,O,735,116
27,07/23/2022,5,I,536,74
27,07/23/2022,5,O,618,99
27,07/23/2022,6,I,1033,160
27,07/23/2022,6,O,678,99
27,07/23/2022,7,I,1199,182
27,07/23/2022,7,O,1026,104
27,07/23/2022,8,I,1430,237
27,07/23/2022,8,O,1096,151
27,07/23/2022,9,I,1674,298
27,07/23/2022,9,O,1297,199
27,07/23/2022,10,I,1975,342
27,07/23/2022,10,O,1460,223
27,07/23/2022,11,I,2085,383
27,07/23/2022,11,O,1519,279
27,07/23/2022,12,I,2169,424
27,07/23/2022,12,O,1546,265
27,07/23/2022,13,I,2113,449
27,07/23/2022,13,O,1509,238
27,07/23/2022,14,I,2040,382
27,07/23/2022,14,O,1632,298
27,07/23/2022,15,I,2047,369
27,07/23/2022,15,O,1730,313
27,07/23/2022,16,I,2273,409
27,07/23/2022,16,O,1725,297
27,07/23/2022,17,I,2180,397
27,07/23/2022,17,O,1656,286
27,07/23/2022,18,I,2054,375
27,07/23/2022,18,O,1521,262
27,07/23/2022,19,I,2173,444
27,07/23/2022,19,O,1400,260
27,07/23/2022,20,I,1760,382
27,07/23/2022,20,O,1383,276
27,07/23/2022,21,I,1871,371
27,07/23/2022,21,O,1512,328
27,07/23/2022,22,I,2031,339
27,07/23/2022,22,O,1714,403
27,07/23/2022,23,I,1968,377
27,07/23/2022,23,O,1991,401
28,07/23/2022,0,I,423,83
28,07/23/2022,0,O,621,98
28,07/23/2022,1,I,267,53
28,07/23/2022,1,O,333,41
28,07/23/2022,2,I,90,25
28,07/23/2022,2,O,176,42
28,07/23/2022,3,I,56,13
28,07/23/2022,3,O,113,15
28,07/23/2022,4,I,96,17
28,07/23/2022,4,O,104,21
28,07/23/2022,5,I,234,35
28,07/23/2022,5,O,88,22
28,07/23/2022,6,I,612,94
28,07/23/2022,6,O,108,18
28,07/23/2022,7,I,930,130
28,07/23/2022,7,O,235,41
28,07/23/2022,8,I,1128,158
28,07/23/2022,8,O,451,80
28,07/23/2022,9,I,1416,223
28,07/23/2022,9,O,603,103
28,07/23/2022,10,I,1648,211
28,07/23/2022,10,O,843,172
28,07/23/2022,11,I,1640,274
28,07/23/2022,11,O,1189,220
28,07/23/2022,12,I,1897,263
28,07/23/2022,12,O,1303,236
28,07/23/2022,13,I,1818,295
28,07/23/2022,13,O,1266,233
28,07/23/2022,14,I,1723,308
28,07/23/2022,14,O,1346,220
28,07/23/2022,15,I,1618,305
28,07/23/2022,15,O,1356,250
28,07/23/2022,16,I,1630,273
28,07/23/2022,16,O,1441,270
28,07/23/2022,17,I,1769,291
28,07/23/2022,17,O,1430,265
28,07/23/2022,18,I,1755,320
28,07/23/2022,18,O,1260,244
28,07/23/2022,19,I,1634,287
28,07/23/2022,19,O,1240,204
28,07/23/2022,20,I,1317,257
28,07/23/2022,20,O,1203,188
28,07/23/2022,21,I,1258,245
28,07/23/2022,21,O,1164,198
28,07/23/2022,22,I,1233,271
28,07/23/2022,22,O,1220,228
28,07/23/2022,23,I,867,170
28,07/23/2022,23,O,1420,252
29,07/23/2022,0,I,785,168
29,07/23/2022,0,O,1129,321
29,07/23/2022,1,I,597,132
29,07/23/2022,1,O,754,207
29,07/23/2022,2,I,366,111
29,07/23/2022,2,O,550,140
29,07/23/2022,3,I,379,82
29,07/23/2022,3,O,467,115
29,07/23/2022,4,I,599,105
29,07/23/2022,4,O,564,138
29,07/23/2022,5,I,845,153
29,07/23/2022,5,O,770,152
29,07/23/2022,6,I,893,154
29,07/23/2022,6,O,1127,196
29,07/23/2022,7,I,1843,343
29,07/23/2022,7,O,1894,342
29,07/23/2022,8,I,2347,418
29,07/23/2022,8,O,2393,439
29,07/23/2022,9,I,2484,404
29,07/23/2022,9,O,3084,471
29,07/23/2022,10,I,2480,372
29,07/23/2022,10,O,3266,600
29,07/23/2022,11,I,2351,512
29,07/23/2022,11,O,3691,669
29,07/23/2022,12,I,2430,485
29,07/23/2022,12,O,3551,676
29,07/23/2022,13,I,2316,466
29,07/23/2022,13,O,3474,695
29,07/23/2022,14,I,2150,459
29,07/23/2022,14,O,3547,738
29,07/23/2022,15,I,2455,549
29,07/23/2022,15,O,3524,751
29,07/23/2022,16,I,2482,504
29,07/23/2022,16,O,3390,806
29,07/23/2022,17,I,2429,518
29,07/23/2022,17,O,3582,752
29,07/23/2022,18,I,2419,528
29,07/23/2022,18,O,3094,707
29,07/23/2022,19,I,2429,574
29,07/23/2022,19,O,3150,709
29,07/23/2022,20,I,2143,450
29,07/23/2022,20,O,2745,614
29,07/23/2022,21,I,2423,509
29,07/23/2022,21,O,2045,457
29,07/23/2022,22,I,1192,234
29,07/23/2022,22,O,2146,519
29,07/23/2022,23,I,1054,224
29,07/23/2022,23,O,2037,494
30,07/23/2022,0,I,1749,381
30,07/23/2022,0,O,3034,406
30,07/23/2022,1,I,1151,238
30,07/23/2022,1,O,1717,304
30,07/23/2022,2,I,870,183
30,07/23/2022,2,O,1262,209
30,07/23/2022,3,I,903,167
30,07/23/2022,3,O,1056,155
30,07/23/2022,4,I,1478,206
30,07/23/2022,4,O,1109,196
30,07/23/2022,5,I,2158,230
30,07/23/2022,5,O,1494,226
30,07/23/2022,6,I,3540,334
30,07/23/2022,6,O,2421,348
30,07/23/2022,7,I,3910,427
30,07/23/2022,7,O,3764,473
30,07/23/2022,8,I,4599,526
30,07/23/2022,8,O,4857,649
30,07/23/2022,9,I,5111,593
30,07/23/2022,9,O,4911,735
30,07/23/2022,10,I,5576,757
30,07/23/2022,10,O,4751,682
30,07/23/2022,11,I,5215,760
30,07/23/2022,11,O,5501,841
30,07/23/2022,12,I,5220,832
30,07/23/2022,12,O,5790,883
30,07/23/2022,13,I,5300,819
30,07/23/2022,13,O,5686,806
30,07/23/2022,14,I,5060,843
30,07/23/2022,14,O,5528,834
30,07/23/2022,15,I,4970,836
30,07/23/2022,15,O,5648,858
30,07/23/2022,16,I,5063,874
30,07/23/2022,16,O,5138,783
30,07/23/2022,17,I,5164,859
30,07/23/2022,17,O,5476,818
30,07/23/2022,18,I,5267,871
30,07/23/2022,18,O,4918,742
30,07/23/2022,19,I,5440,894
30,07/23/2022,19,O,4567,665
30,07/23/2022,20,I,5013,902
30,07/23/2022,20,O,4491,682
30,07/23/2022,21,I,4899,865
30,07/23/2022,21,O,4169,579
30,07/23/2022,22,I,4648,837
30,07/23/2022,22,O,4334,634
30,07/23/2022,23,I,3966,741
30,07/23/2022,23,O,4360,608
21,07/22/2022,0,I,2385,556
21,07/22/2022,1,I,1455,340
21,07/22/2022,2,I,943,228
21,07/22/2022,3,I,959,222
21,07/22/2022,4,I,1677,345
21,07/22/2022,5,I,4108,618
21,07/22/2022,6,I,7930,1169
21,07/22/2022,7,I,7719,1283
21,07/22/2022,8,I,7046,1290
21,07/22/2022,9,I,6910,1290
21,07/22/2022,10,I,6707,1163
21,07/22/2022,11,I,6243,1240
21,07/22/2022,12,I,6424,1311
21,07/22/2022,13,I,6939,1429
21,07/22/2022,14,I,7402,1467
21,07/22/2022,15,I,7296,1439
21,07/22/2022,16,I,6627,1177
21,07/22/2022,17,I,6733,1196
21,07/22/2022,18,I,6612,1298
21,07/22/2022,19,I,6263,1361
21,07/22/2022,20,I,5053,1074
21,07/22/2022,21,I,4648,1009
21,07/22/2022,22,I,4461,954
21,07/22/2022,23,I,3749,720
22,07/22/2022,0,O,551,125
22,07/22/2022,1,O,159,33
22,07/22/2022,2,O,188,45
22,07/22/2022,3,O,300,57
22,07/22/2022,4,O,610,91
22,07/22/2022,5,O,1121,112
22,07/22/2022,6,O,1362,155
22,07/22/2022,7,O,1888,254
22,07/22/2022,8,O,2329,310
22,07/22/2022,9,O,2437,338
22,07/22/2022,10,O,2456,369
22,07/22/2022,11,O,2358,384
22,07/22/2022,12,O,2544,417
22,07/22/2022,13,O,2425,397
22,07/22/2022,14,O,2159,400
22,07/22/2022,15,O,2438,472
22,07/22/2022,16,O,2393,420
22,07/22/2022,17,O,2781,437
22,07/22/2022,18,O,2566,401
22,07/22/2022,19,O,2112,388
22,07/22/2022,20,O,1830,356
22,07/22/2022,21,O,1641,340
22,07/22/2022,22,O,1318,273
22,07/22/2022,23,O,1183,268
23,07/22/2022,0,I,1397,314
23,07/22/2022,0,O,1238,320
23,07/22/2022,1,I,748,200
23,07/22/2022,1,O,808,196
23,07/22/2022,2,I,457,142
23,07/22/2022,2,O,544,175
23,07/22/2022,3,I,476,114
23,07/22/2022,3,O,716,181
23,07/22/2022,4,I,734,134
23,07/22/2022,4,O,1239,250
23,07/22/2022,5,I,1816,264
23,07/22/2022,5,O,2462,444
23,07/22/2022,6,I,3212,466
23,07/22/2022,6,O,3587,605
23,07/22/2022,7,I,3719,519
23,07/22/2022,7,O,3755,624
23,07/22/2022,8,I,3770,538
23,07/22/2022,8,O,2965,572
23,07/22/2022,9,I,3524,525
23,07/22/2022,9,O,2902,606
23,07/22/2022,10,I,2969,528
23,07/22/2022,10,O,2946,621
23,07/22/2022,11,I,2471,442
23,07/22/2022,11,O,3411,684
23,07/22/2022,12,I,3158,619
23,07/22/2022,12,O,3377,798
23,07/22/2022,13,I,3693,749
23,07/22/2022,13,O,3589,801
23,07/22/2022,14,I,2915,584
23,07/22/2022,14,O,3530,764
23,07/22/2022,15,I,4031,735
23,07/22/2022,15,O,3646,763
23,07/22/2022,16,I,4054,738
23,07/22/2022,16,O,3628,727
23,07/22/2022,17,I,4032,696
23,07/22/2022,17,O,3663,721
23,07/22/2022,18,I,3813,706
23,07/22/2022,18,O,3275,699
23,07/22/2022,19,I,3547,768
23,07/22/2022,19,O,3538,699
23,07/22/2022,20,I,3041,612
23,07/22/2022,20,O,2895,692
23,07/22/2022,21,I,2401,541
23,07/22/2022,21,O,2835,671
23,07/22/2022,22,I,3139,692
23,07/22/2022,22,O,2457,642
23,07/22/2022,23,I,3095,727
23,07/22/2022,23,O,2057,585
24,07/22/2022,0,I,248,77
24,07/22/2022,0,O,577,104
24,07/22/2022,1,I,81,23
24,07/22/2022,1,O,226,55
24,07/22/2022,2,I,52,13
24,07/22/2022,2,O,85,47
24,07/22/2022,3,I,59,15
24,07/22/2022,3,O,60,13
24,07/22/2022,4,I,164,24
24,07/22/2022,4,O,69,25
24,07/22/2022,5,I,677,86
24,07/22/2022,5,O,166,21
24,07/22/2022,6,I,1843,222
24,07/22/2022,6,O,446,46
24,07/22/2022,7,I,1880,258
24,07/22/2022,7,O,987,130
24,07/22/2022,8,I,2119,289
24,07/22/2022,8,O,1362,207
24,07/22/2022,9,I,2182,345
24,07/22/2022,9,O,1235,191
24,07/22/2022,10,I,2139,400
24,07/22/2022,10,O,1256,212
24,07/22/2022,11,I,2022,410
24,07/22/2022,11,O,1695,273
24,07/22/2022,12,I,2249,495
24,07/22/2022,12,O,1380,225
24,07/22/2022,13,I,1755,336
24,07/22/2022,13,O,1842,302
24,07/22/2022,14,I,2571,532
24,07/22/2022,14,O,2282,398
24,07/22/2022,15,I,2285,398
24,07/22/2022,15,O,2615,438
24,07/22/2022,16,I,2537,465
24,07/22/2022,16,O,2286,378
24,07/22/2022,17,I,2233,393
24,07/22/2022,17,O,2357,344
24,07/22/2022,18,I,2304,424
24,07/22/2022,18,O,2003,323
24,07/22/2022,19,I,1666,358
24,07/22/2022,19,O,1633,286
24,07/22/2022,20,I,1433,330
24,07/22/2022,20,O,1018,187
24,07/22/2022,21,I,948,245
24,07/22/2022,21,O,847,157
24,07/22/2022,22,I,685,176
24,07/22/2022,22,O,641,133
24,07/22/2022,23,I,660,178
24,07/22/2022,23,O,1056,160
25,07/22/2022,0,I,136,25
25,07/22/2022,0,O,60,16
25,07/22/2022,1,I,72,21
25,07/22/2022,1,O,43,12
25,07/22/2022,2,I,51,14
25,07/22/2022,2,O,35,8
25,07/22/2022,3,I,31,11
25,07/22/2022,3,O,37,6
25,07/22/2022,4,I,54,16
25,07/22/2022,4,O,100,5
25,07/22/2022,5,I,199,24
25,07/22/2022,5,O,301,22
25,07/22/2022,6,I,342,55
25,07/22/2022,6,O,523,37
25,07/22/2022,7,I,414,69
25,07/22/2022,7,O,801,58
25,07/22/2022,8,I,597,89
25,07/22/2022,8,O,769,78
25,07/22/2022,9,I,655,108
25,07/22/2022,9,O,660,66
25,07/22/2022,10,I,836,120
25,07/22/2022,10,O,605,70
25,07/22/2022,11,I,935,130
25,07/22/2022,11,O,633,75
25,07/22/2022,12,I,1033,184
25,07/22/2022,12,O,617,79
25,07/22/2022,13,I,1057,147
25,07/22/2022,13,O,634,85
25,07/22/2022,14,I,1098,190
25,07/22/2022,14,O,787,89
25,07/22/2022,15,I,1202,187
25,07/22/2022,15,O,845,128
25,07/22/2022,16,I,1096,155
25,07/22/2022,16,O,887,127
25,07/22/2022,17,I,1003,136
25,07/22/2022,17,O,949,126
25,07/22/2022,18,I,832,134
25,07/22/2022,18,O,883,129
25,07/22/2022,19,I,572,91
25,07/22/2022,19,O,706,111
25,07/22/2022,20,I,436,59
25,07/22/2022,20,O,578,76
25,07/22/2022,21,I,366,71
25,07/22/2022,21,O,528,85
25,07/22/2022,22,I,335,50
25,07/22/2022,22,O,343,63
25,07/22/2022,23,I,285,48
25,07/22/2022,23,O,263,34
26,07/22/2022,0,I,170,28
26,07/22/2022,0,O,87,29
26,07/22/2022,1,I,95,19
26,07/22/2022,1,O,53,17
26,07/22/2022,2,I,66,19
26,07/22/2022,2,O,48,20
26,07/22/2022,3,I,38,9
26,07/22/2022,3,O,66,12
26,07/22/2022,4,I,91,13
26,07/22/2022,4,O,168,31
26,07/22/2022,5,I,187,23
26,07/22/2022,5,O,409,52
26,07/22/2022,6,I,364,65
26,07/22/2022,6,O,603,79
26,07/22/2022,7,I,392,74
26,07/22/2022,7,O,746,88
26,07/22/2022,8,I,531,95
26,07/22/2022,8,O,745,88
26,07/22/2022,9,I,681,117
26,07/22/2022,9,O,600,89
26,07/22/2022,10,I,712,138
26,07/22/2022,10,O,625,78
26,07/22/2022,11,I,730,134
26,07/22/2022,11,O,586,95
26,07/22/2022,12,I,741,140
26,07/22/2022,12,O,654,118
26,07/22/2022,13,I,802,144
26,07/22/2022,13,O,720,120
26,07/22/2022,14,I,863,148
26,07/22/2022,14,O,847,172
26,07/22/2022,15,I,847,148
26,07/22/2022,15,O,856,152
26,07/22/2022,16,I,758,114
26,07/22/2022,16,O,875,194
26,07/22/2022,17,I,795,126
26,07/22/2022,17,O,961,207
26,07/22/2022,18,I,807,137
26,07/22/2022,18,O,913,209
26,07/22/2022,19,I,634,101
26,07/22/2022,19,O,655,129
26,07/22/2022,20,I,472,86
26,07/22/2022,20,O,528,100
26,07/22/2022,21,I,377,63
26,07/22/2022,21,O,519,98
26,07/22/2022,22,I,345,56
26,07/22/2022,22,O,382,76
26,07/22/2022,23,I,315,53
26,07/22/2022,23,O,299,70
27,07/22/2022,0,I,915,144
27,07/22/2022,0,O,1085,219
27,07/22/2022,1,I,559,69
27,07/22/2022,1,O,776,128
27,07/22/2022,2,I,254,36
27,07/22/2022,2,O,476,102
27,07/22/2022,3,I,192,28
27,07/22/2022,3,O,368,66
27,07/22/2022,4,I,369,62
27,07/22/2022,4,O,666,67
27,07/22/2022,5,I,1091,176
27,07/22/2022,5,O,912,108
27,07/22/2022,6,I,2356,361
27,07/22/2022,6,O,1215,153
27,07/22/2022,7,I,2820,426
27,07/22/2022,7,O,1129,167
27,07/22/2022,8,I,2879,458
27,07/22/2022,8,O,1093,196
27,07/22/2022,9,I,2602,447
27,07/22/2022,9,O,1055,191
27,07/22/2022,10,I,2265,371
27,07/22/2022,10,O,1343,217
27,07/22/2022,11,I,2216,376
27,07/22/2022,11,O,1863,282
27,07/22/2022,12,I,2205,392
27,07/22/2022,12,O,1933,335
27,07/22/2022,13,I,2217,406
27,07/22/2022,13,O,2045,344
27,07/22/2022,14,I,2308,414
27,07/22/2022,14,O,2094,350
27,07/22/2022,15,I,2318,420
27,07/22/2022,15,O,2294,376
27,07/22/2022,16,I,2291,371
27,07/22/2022,16,O,2219,334
27,07/22/2022,17,I,2352,405
27,07/22/2022,17,O,1929,300
27,07/22/2022,18,I,2287,428
27,07/22/2022,18,O,1571,245
27,07/22/2022,19,I,2139,431
27,07/22/2022,19,O,1556,242
27,07/22/2022,20,I,1880,372
27,07/22/2022,20,O,1454,242
27,07/22/2022,21,I,1823,301
27,07/22/2022,21,O,1463,240
27,07/22/2022,22,I,1911,309
27,07/22/2022,22,O,1732,284
27,07/22/2022,23,I,1705,296
27,07/22/2022,23,O,1719,304
28,07/22/2022,0,I,245,51
28,07/22/2022,0,O,661,95
28,07/22/2022,1,I,99,24
28,07/22/2022,1,O,389,43
28,07/22/2022,2,I,41,11
28,07/22/2022,2,O,158,29
28,07/22/2022,3,I,50,11
28,07/22/2022,3,O,69,11
28,07/22/2022,4,I,154,15
28,07/22/2022,4,O,51,13
28,07/22/2022,5,I,940,98
28,07/22/2022,5,O,134,28
28,07/22/2022,6,I,2293,289
28,07/22/2022,6,O,469,80
28,07/22/2022,7,I,2525,331
28,07/22/2022,7,O,737,105
28,07/22/2022,8,I,2500,323
28,07/22/2022,8,O,860,164
28,07/22/2022,9,I,2226,312
28,07/22/2022,9,O,856,170
28,07/22/2022,10,I,1984,275
28,07/22/2022,10,O,1023,155
28,07/22/2022,11,I,1951,292
28,07/22/2022,11,O,1198,183
28,07/22/2022,12,I,1899,292
28,07/22/2022,12,O,1420,216
28,07/22/2022,13,I,1925,339
28,07/22/2022,13,O,1574,278
28,07/22/2022,14,I,1786,328
28,07/22/2022,14,O,1649,257
28,07/22/2022,15,I,1817,281
28,07/22/2022,15,O,2004,329
28,07/22/2022,16,I,1333,230
28,07/22/2022,16,O,2213,317
28,07/22/2022,17,I,1017,197
28,07/22/2022,17,O,2250,339
28,07/22/2022,18,I,1045,195
28,07/22/2022,18,O,1600,284
28,07/22/2022,19,I,1746,328
28,07/22/2022,19,O,1282,192
28,07/22/2022,20,I,1156,234
28,07/22/2022,20,O,1026,169
28,07/22/2022,21,I,947,205
28,07/22/2022,21,O,985,187
28,07/22/2022,22,I,982,196
28,07/22/2022,22,O,965,154
28,07/22/2022,23,I,730,152
28,07/22/2022,23,O,1008,162
29,07/22/2022,0,I,671,172
29,07/22/2022,0,O,781,159
29,07/22/2022,1,I,528,107
29,07/22/2022,1,O,558,130
29,07/22/2022,2,I,362,83
29,07/22/2022,2,O,429,84
29,07/22/2022,3,I,443,87
29,07/22/2022,3,O,425,104
29,07/22/2022,4,I,881,155
29,07/22/2022,4,O,704,119
29,07/22/2022,5,I,2448,370
29,07/22/2022,5,O,1318,210
29,07/22/2022,6,I,3659,515
29,07/22/2022,6,O,2219,321
29,07/22/2022,7,I,3080,484
29,07/22/2022,7,O,2121,304
29,07/22/2022,8,I,2880,460
29,07/22/2022,8,O,2155,374
29,07/22/2022,9,I,2454,416
29,07/22/2022,9,O,2281,411
29,07/22/2022,10,I,2118,358
29,07/22/2022,10,O,2390,396
29,07/22/2022,11,I,2370,404
29,07/22/2022,11,O,2247,409
29,07/22/2022,12,I,2240,392
29,07/22/2022,12,O,2316,444
29,07/22/2022,13,I,2125,375
29,07/22/2022,13,O,3180,640
29,07/22/2022,14,I,2289,409
29,07/22/2022,14,O,3621,660
29,07/22/2022,15,I,2469,487
29,07/22/2022,15,O,3885,774
29,07/22/2022,16,I,2421,461
29,07/22/2022,16,O,3600,631
29,07/22/2022,17,I,2524,446
29,07/22/2022,17,O,3661,669
29,07/22/2022,18,I,2448,458
29,07/22/2022,18,O,3436,633
29,07/22/2022,19,I,2327,508
29,07/22/2022,19,O,3558,680
29,07/22/2022,20,I,2125,485
29,07/22/2022,20,O,2659,506
29,07/22/2022,21,I,1851,437
29,07/22/2022,21,O,1879,403
29,07/22/2022,22,I,1089,242
29,07/22/2022,22,O,1491,342
29,07/22/2022,23,I,839,190
29,07/22/2022,23,O,1369,361
30,07/22/2022,0,I,1451,284
30,07/22/2022,0,O,2465,332
30,07/22/2022,1,I,945,205
30,07/22/2022,1,O,1308,220
30,07/22/2022,2,I,790,173
30,07/22/2022,2,O,873,178
30,07/22/2022,3,I,1052,160
30,07/22/2022,3,O,823,171
30,07/22/2022,4,I,2434,239
30,07/22/2022,4,O,985,144
30,07/22/2022,5,I,5011,404
30,07/22/2022,5,O,1807,270
30,07/22/2022,6,I,7377,634
30,07/22/2022,6,O,3151,405
30,07/22/2022,7,I,6706,638
30,07/22/2022,7,O,4123,544
30,07/22/2022,8,I,6179,604
30,07/22/2022,8,O,4594,518
30,07/22/2022,9,I,5586,623
30,07/22/2022,9,O,4632,598
30,07/22/2022,10,I,5111,711
30,07/22/2022,10,O,4914,682
30,07/22/2022,11,I,4886,770
30,07/22/2022,11,O,5208,741
30,07/22/2022,12,I,4657,730
30,07/22/2022,12,O,5657,782
30,07/22/2022,13,I,4691,705
30,07/22/2022,13,O,6312,796
30,07/22/2022,14,I,4999,765
30,07/22/2022,14,O,6795,857
30,07/22/2022,15,I,4711,750
30,07/22/2022,15,O,7035,828
30,07/22/2022,16,I,5318,707
30,07/22/2022,16,O,7486,815
30,07/22/2022,17,I,5446,830
30,07/22/2022,17,O,7052,784
30,07/22/2022,18,I,5599,756
30,07/22/2022,18,O,6469,780
30,07/22/2022,19,I,4859,811
30,07/22/2022,19,O,5355,714
30,07/22/2022,20,I,4133,687
30,07/22/2022,20,O,4417,659
30,07/22/2022,21,I,3328,577
30,07/22/2022,21,O,4177,578
30,07/22/2022,22,I,3054,528
30,07/22/2022,22,O,4017,573
30,07/22/2022,23,I,2516,437
30,07/22/2022,23,O,3227,416
21,07/21/2022,0,I,1958,428
21,07/21/2022,1,I,923,286
21,07/21/2022,2,I,712,181
21,07/21/2022,3,I,896,181
21,07/21/2022,4,I,1733,327
21,07/21/2022,5,I,4477,666
21,07/21/2022,6,I,8607,1275
21,07/21/2022,7,I,8696,1435
21,07/21/2022,8,I,7577,1287
21,07/21/2022,9,I,7399,1266
21,07/21/2022,10,I,6308,1088
21,07/21/2022,11,I,6104,1131
21,07/21/2022,12,I,5826,1175
21,07/21/2022,13,I,6135,1159
21,07/21/2022,14,I,5754,1124
21,07/21/2022,15,I,5947,1075
21,07/21/2022,16,I,6193,1114
21,07/21/2022,17,I,6469,1102
21,07/21/2022,18,I,6149,1088
21,07/21/2022,19,I,5272,1013
21,07/21/2022,20,I,4448,844
21,07/21/2022,21,I,4546,861
21,07/21/2022,22,I,4107,821
21,07/21/2022,23,I,3018,644
22,07/21/2022,0,O,696,165
22,07/21/2022,1,O,258,73
22,07/21/2022,2,O,209,61
22,07/21/2022,3,O,242,52
22,07/21/2022,4,O,570,73
22,07/21/2022,5,O,1123,115
22,07/21/2022,6,O,1432,144
22,07/21/2022,7,O,1738,253
22,07/21/2022,8,O,1977,319
22,07/21/2022,9,O,2352,330
22,07/21/2022,10,O,2404,394
22,07/21/2022,11,O,2330,385
22,07/21/2022,12,O,2298,354
22,07/21/2022,13,O,2211,366
22,07/21/2022,14,O,2207,370
22,07/21/2022,15,O,2238,362
22,07/21/2022,16,O,2249,361
22,07/21/2022,17,O,2470,425
22,07/21/2022,18,O,2477,374
22,07/21/2022,19,O,2387,443
22,07/21/2022,20,O,1970,361
22,07/21/2022,21,O,1719,301
22,07/21/2022,22,O,1337,254
22,07/21/2022,23,O,978,218
23,07/21/2022,0,I,1308,293
23,07/21/2022,0,O,989,224
23,07/21/2022,1,I,586,152
23,07/21/2022,1,O,658,159
23,07/21/2022,2,I,442,120
23,07/21/2022,2,O,474,152
23,07/21/2022,3,I,440,99
23,07/21/2022,3,O,688,163
23,07/21/2022,4,I,734,139
23,07/21/2022,4,O,1168,269
23,07/21/2022,5,I,1844,294
23,07/21/2022,5,O,2730,473
23,07/21/2022,6,I,3109,407
23,07/21/2022,6,O,3583,605
23,07/21/2022,7,I,3121,434
23,07/21/2022,7,O,3850,653
23,07/21/2022,8,I,3477,468
23,07/21/2022,8,O,3115,612
23,07/21/2022,9,I,3492,527
23,07/21/2022,9,O,2757,470
23,07/21/2022,10,I,3577,656
23,07/21/2022,10,O,2406,450
23,07/21/2022,11,I,3391,696
23,07/21/2022,11,O,2364,469
23,07/21/2022,12,I,3359,680
23,07/21/2022,12,O,2380,543
23,07/21/2022,13,I,2866,569
23,07/21/2022,13,O,3188,704
23,07/21/2022,14,I,2851,524
23,07/21/2022,14,O,3000,634
23,07/21/2022,15,I,3437,565
23,07/21/2022,15,O,3761,844
23,07/21/2022,16,I,3993,699
23,07/21/2022,16,O,3825,736
23,07/21/2022,17,I,3676,640
23,07/21/2022,17,O,3797,684
23,07/21/2022,18,I,3302,592
23,07/21/2022,18,O,3739,705
23,07/21/2022,19,I,3095,588
23,07/21/2022,19,O,3472,693
23,07/21/2022,20,I,2754,525
23,07/21/2022,20,O,2899,492
23,07/21/2022,21,I,2349,522
23,07/21/2022,21,O,2637,585
23,07/21/2022,22,I,2144,530
23,07/21/2022,22,O,1967,409
23,07/21/2022,23,I,1818,364
23,07/21/2022,23,O,2018,484
24,07/21/2022,0,I,174,56
24,07/21/2022,0,O,518,86
24,07/21/2022,1,I,57,17
24,07/21/2022,1,O,160,43
24,07/21/2022,2,I,40,8
24,07/21/2022,2,O,60,24
24,07/21/2022,3,I,44,12
24,07/21/2022,3,O,49,19
24,07/21/2022,4,I,148,20
24,07/21/2022,4,O,58,8
24,07/21/2022,5,I,710,101
24,07/21/2022,5,O,175,39
24,07/21/2022,6,I,2346,305
24,07/21/2022,6,O,529,58
24,07/21/2022,7,I,2540,324
24,07/21/2022,7,O,1081,133
24,07/21/2022,8,I,2614,351
24,07/21/2022,8,O,1450,188
24,07/21/2022,9,I,2564,408
24,07/21/2022,9,O,1117,174
24,07/21/2022,10,I,2086,363
24,07/21/2022,10,O,1366,215
24,07/21/2022,11,I,2153,379
24,07/21/2022,11,O,1411,210
24,07/21/2022,12,I,2457,451
24,07/21/2022,12,O,1403,263
24,07/21/2022,13,I,2109,415
24,07/21/2022,13,O,1621,268
24,07/21/2022,14,I,2141,364
24,07/21/2022,14,O,2006,337
24,07/21/2022,15,I,2512,453
24,07/21/2022,15,O,2606,416
24,07/21/2022,16,I,2578,416
24,07/21/2022,16,O,2284,336
24,07/21/2022,17,I,2436,396
24,07/21/2022,17,O,2718,399
24,07/21/2022,18,I,2192,395
24,07/21/2022,18,O,2153,324
24,07/21/2022,19,I,1576,247
24,07/21/2022,19,O,2320,328
24,07/21/2022,20,I,1063,194
24,07/21/2022,20,O,1087,157
24,07/21/2022,21,I,718,129
24,07/21/2022,21,O,1177,167
24,07/21/2022,22,I,637,119
24,07/21/2022,22,O,1354,208
24,07/21/2022,23,I,565,115
24,07/21/2022,23,O,819,117
25,07/21/2022,0,I,123,19
25,07/21/2022,0,O,84,16
25,07/21/2022,1,I,60,11
25,07/21/2022,1,O,33,7
25,07/21/2022,2,I,40,11
25,07/21/2022,2,O,30,10
25,07/21/2022,3,I,29,10
25,07/21/2022,3,O,38,7
25,07/21/2022,4,I,53,10
25,07/21/2022,4,O,97,10
25,07/21/2022,5,I,131,16
25,07/21/2022,5,O,356,24
25,07/21/2022,6,I,311,42
25,07/21/2022,6,O,654,52
25,07/21/2022,7,I,395,64
25,07/21/2022,7,O,907,64
25,07/21/2022,8,I,555,70
25,07/21/2022,8,O,885,87
25,07/21/2022,9,I,568,107
25,07/21/2022,9,O,723,72
25,07/21/2022,10,I,613,106
25,07/21/2022,10,O,601,46
25,07/21/2022,11,I,701,128
25,07/21/2022,11,O,599,67
25,07/21/2022,12,I,762,97
25,07/21/2022,12,O,557,69
25,07/21/2022,13,I,800,124
25,07/21/2022,13,O,603,88
25,07/21/2022,14,I,833,138
25,07/21/2022,14,O,601,93
25,07/21/2022,15,I,938,152
25,07/21/2022,15,O,700,92
25,07/21/2022,16,I,985,152
25,07/21/2022,16,O,694,92
25,07/21/2022,17,I,1085,145
25,07/21/2022,17,O,647,62
25,07/21/2022,18,I,1019,152
25,07/21/2022,18,O,539,70
25,07/21/2022,19,I,680,90
25,07/21/2022,19,O,448,59
25,07/21/2022,20,I,512,75
25,07/21/2022,20,O,439,64
25,07/21/2022,21,I,371,56
25,07/21/2022,21,O,412,53
25,07/21/2022,22,I,302,34
25,07/21/2022,22,O,267,40
25,07/21/2022,23,I,249,40
25,07/21/2022,23,O,166,34
26,07/21/2022,0,I,158,32
26,07/21/2022,0,O,96,14
26,07/21/2022,1,I,92,17
26,07/21/2022,1,O,62,7
26,07/21/2022,2,I,63,10
26,07/21/2022,2,O,46,12
26,07/21/2022,3,I,54,13
26,07/21/2022,3,O,77,11
26,07/21/2022,4,I,44,13
26,07/21/2022,4,O,147,25
26,07/21/2022,5,I,121,12
26,07/21/2022,5,O,423,59
26,07/21/2022,6,I,298,46
26,07/21/2022,6,O,602,93
26,07/21/2022,7,I,392,59
26,07/21/2022,7,O,804,102
26,07/21/2022,8,I,483,97
26,07/21/2022,8,O,734,87
26,07/21/2022,9,I,571,104
26,07/21/2022,9,O,597,93
26,07/21/2022,10,I,550,144
26,07/21/2022,10,O,569,82
26,07/21/2022,11,I,520,107
26,07/21/2022,11,O,439,87
26,07/21/2022,12,I,616,98
26,07/21/2022,12,O,544,86
26,07/21/2022,13,I,669,118
26,07/21/2022,13,O,615,101
26,07/21/2022,14,I,704,100
26,07/21/2022,14,O,649,133
26,07/21/2022,15,I,734,116
26,07/21/2022,15,O,663,144
26,07/21/2022,16,I,733,88
26,07/21/2022,16,O,664,150
26,07/21/2022,17,I,797,108
26,07/21/2022,17,O,640,129
26,07/21/2022,18,I,673,81
26,07/21/2022,18,O,552,107
26,07/21/2022,19,I,619,90
26,07/21/2022,19,O,476,87
26,07/21/2022,20,I,501,76
26,07/21/2022,20,O,406,75
26,07/21/2022,21,I,402,63
26,07/21/2022,21,O,364,70
26,07/21/2022,22,I,311,48
26,07/21/2022,22,O,275,61
26,07/21/2022,23,I,261,44
26,07/21/2022,23,O,203,37
27,07/21/2022,0,I,722,84
27,07/21/2022,0,O,959,157
27,07/21/2022,1,I,230,45
27,07/21/2022,1,O,555,133
27,07/21/2022,2,I,144,34
27,07/21/2022,2,O,323,77
27,07/21/2022,3,I,167,26
27,07/21/2022,3,O,295,52
27,07/21/2022,4,I,305,52
27,07/21/2022,4,O,535,52
27,07/21/2022,5,I,1024,144
27,07/21/2022,5,O,841,94
27,07/21/2022,6,I,2519,379
27,07/21/2022,6,O,1222,141
27,07/21/2022,7,I,2959,476
27,07/21/2022,7,O,1206,154
27,07/21/2022,8,I,2974,495
27,07/21/2022,8,O,1060,165
27,07/21/2022,9,I,2844,459
27,07/21/2022,9,O,1084,212
27,07/21/2022,10,I,2482,417
27,07/21/2022,10,O,1238,219
27,07/21/2022,11,I,2165,368
27,07/21/2022,11,O,1917,345
27,07/21/2022,12,I,2198,376
27,07/21/2022,12,O,2118,330
27,07/21/2022,13,I,2187,327
27,07/21/2022,13,O,2125,352
27,07/21/2022,14,I,2059,351
27,07/21/2022,14,O,2214,326
27,07/21/2022,15,I,2281,409
27,07/21/2022,15,O,2385,330
27,07/21/2022,16,I,2374,377
27,07/21/2022,16,O,2316,363
27,07/21/2022,17,I,2317,325
27,07/21/2022,17,O,2315,322
27,07/21/2022,18,I,2316,362
27,07/21/2022,18,O,2062,322
27,07/21/2022,19,I,2168,349
27,07/21/2022,19,O,2182,326
27,07/21/2022,20,I,1693,275
27,07/21/2022,20,O,1959,311
27,07/21/2022,21,I,1773,293
27,07/21/2022,21,O,1889,305
27,07/21/2022,22,I,1806,263
27,07/21/2022,22,O,1766,300
27,07/21/2022,23,I,1067,155
27,07/21/2022,23,O,1614,272
28,07/21/2022,0,I,244,44
28,07/21/2022,0,O,438,57
28,07/21/2022,1,I,80,20
28,07/21/2022,1,O,144,27
28,07/21/2022,2,I,33,10
28,07/21/2022,2,O,80,17
28,07/21/2022,3,I,35,9
28,07/21/2022,3,O,44,13
28,07/21/2022,4,I,117,17
28,07/21/2022,4,O,46,8
28,07/21/2022,5,I,861,91
28,07/21/2022,5,O,162,26
28,07/21/2022,6,I,2454,294
28,07/21/2022,6,O,524,71
28,07/21/2022,7,I,2851,351
28,07/21/2022,7,O,817,112
28,07/21/2022,8,I,2790,341
28,07/21/2022,8,O,861,145
28,07/21/2022,9,I,2634,323
28,07/21/2022,9,O,947,159
28,07/21/2022,10,I,1998,275
28,07/21/2022,10,O,984,148
28,07/21/2022,11,I,1239,168
28,07/21/2022,11,O,1223,172
28,07/21/2022,12,I,1881,268
28,07/21/2022,12,O,1384,219
28,07/21/2022,13,I,1763,255
28,07/21/2022,13,O,1436,211
28,07/21/2022,14,I,1939,286
28,07/21/2022,14,O,1802,247
28,07/21/2022,15,I,1825,292
28,07/21/2022,15,O,2284,349
28,07/21/2022,16,I,1187,197
28,07/21/2022,16,O,2394,316
28,07/21/2022,17,I,1093,163
28,07/21/2022,17,O,2321,324
28,07/21/2022,18,I,1058,175
28,07/21/2022,18,O,2185,299
28,07/21/2022,19,I,1851,278
28,07/21/2022,19,O,1671,227
28,07/21/2022,20,I,1324,209
28,07/21/2022,20,O,1647,211
28,07/21/2022,21,I,993,174
28,07/21/2022,21,O,1388,182
28,07/21/2022,22,I,811,144
28,07/21/2022,22,O,851,90
28,07/21/2022,23,I,520,89
28,07/21/2022,23,O,832,115
29,07/21/2022,0,I,503,111
29,07/21/2022,0,O,721,211
29,07/21/2022,1,I,368,66
29,07/21/2022,1,O,518,111
29,07/21/2022,2,I,346,69
29,07/21/2022,2,O,400,68
29,07/21/2022,3,I,405,86
29,07/21/2022,3,O,395,76
29,07/21/2022,4,I,874,147
29,07/21/2022,4,O,631,96
29,07/21/2022,5,I,2536,350
29,07/21/2022,5,O,1405,201
29,07/21/2022,6,I,3818,564
29,07/21/2022,6,O,2389,311
29,07/21/2022,7,I,3683,570
29,07/21/2022,7,O,2322,320
29,07/21/2022,8,I,3446,475
29,07/21/2022,8,O,2361,342
29,07/21/2022,9,I,2528,439
29,07/21/2022,9,O,1767,262
29,07/21/2022,10,I,2165,367
29,07/21/2022,10,O,2298,387
29,07/21/2022,11,I,2174,418
29,07/21/2022,11,O,2290,395
29,07/21/2022,12,I,1991,377
29,07/21/2022,12,O,2235,414
29,07/21/2022,13,I,1869,315
29,07/21/2022,13,O,1704,342
29,07/21/2022,14,I,2043,341
29,07/21/2022,14,O,1850,311
29,07/21/2022,15,I,2670,498
29,07/21/2022,15,O,2187,374
29,07/21/2022,16,I,2228,356
29,07/21/2022,16,O,3543,521
29,07/21/2022,17,I,2505,414
29,07/21/2022,17,O,3995,644
29,07/21/2022,18,I,2451,444
29,07/21/2022,18,O,4062,668
29,07/21/2022,19,I,2360,396
29,07/21/2022,19,O,3681,585
29,07/21/2022,20,I,2029,355
29,07/21/2022,20,O,2806,489
29,07/21/2022,21,I,1789,303
29,07/21/2022,21,O,1491,308
29,07/21/2022,22,I,847,168
29,07/21/2022,22,O,1280,274
29,07/21/2022,23,I,575,116
29,07/21/2022,23,O,888,175
30,07/21/2022,0,I,1376,254
30,07/21/2022,0,O,2082,294
30,07/21/2022,1,I,989,194
30,07/21/2022,1,O,1302,210
30,07/21/2022,2,I,803,134
30,07/21/2022,2,O,893,128
30,07/21/2022,3,I,1019,176
30,07/21/2022,3,O,768,107
30,07/21/2022,4,I,2347,231
30,07/21/2022,4,O,940,149
30,07/21/2022,5,I,5860,444
30,07/21/2022,5,O,1897,260
30,07/21/2022,6,I,8058,605
30,07/21/2022,6,O,3250,380
30,07/21/2022,7,I,7193,605
30,07/21/2022,7,O,4125,550
30,07/21/2022,8,I,6763,616
30,07/21/2022,8,O,4679,532
30,07/21/2022,9,I,6197,642
30,07/21/2022,9,O,4485,519
30,07/21/2022,10,I,4902,564
30,07/21/2022,10,O,4136,551
30,07/21/2022,11,I,4714,644
30,07/21/2022,11,O,4756,695
30,07/21/2022,12,I,4632,712
30,07/21/2022,12,O,5340,737
30,07/21/2022,13,I,4849,701
30,07/21/2022,13,O,5382,706
30,07/21/2022,14,I,4931,772
30,07/21/2022,14,O,6681,766
30,07/21/2022,15,I,4770,688
30,07/21/2022,15,O,7273,732
30,07/21/2022,16,I,4674,689
30,07/21/2022,16,O,7231,706
30,07/21/2022,17,I,5198,704
30,07/21/2022,17,O,7803,738
30,07/21/2022,18,I,4967,662
30,07/21/2022,18,O,7164,742
30,07/21/2022,19,I,4548,654
30,07/21/2022,19,O,6078,734
30,07/21/2022,20,I,3663,600
30,07/21/2022,20,O,5142,634
30,07/21/2022,21,I,3297,506
30,07/21/2022,21,O,3921,499
30,07/21/2022,22,I,2838,444
30,07/21/2022,22,O,3361,415
30,07/21/2022,23,I,2239,350
30,07/21/2022,23,O,2659,311
21,07/20/2022,0,I,1832,397
21,07/20/2022,1,I,913,217
21,07/20/2022,2,I,693,206
21,07/20/2022,3,I,824,201
21,07/20/2022,4,I,1635,294
21,07/20/2022,5,I,4314,606
21,07/20/2022,6,I,8284,1208
21,07/20/2022,7,I,8608,1423
21,07/20/2022,8,I,7205,1205
21,07/20/2022,9,I,7136,1235
21,07/20/2022,10,I,6595,1213
21,07/20/2022,11,I,6417,1174
21,07/20/2022,12,I,6336,1275
21,07/20/2022,13,I,6514,1330
21,07/20/2022,14,I,7493,1419
21,07/20/2022,15,I,6773,1303
21,07/20/2022,16,I,6727,1223
21,07/20/2022,17,I,6601,1177
21,07/20/2022,18,I,6233,1139
21,07/20/2022,19,I,5013,1011
21,07/20/2022,20,I,4187,846
21,07/20/2022,21,I,3871,787
21,07/20/2022,22,I,3158,611
21,07/20/2022,23,I,2726,581
22,07/20/2022,0,O,588,138
22,07/20/2022,1,O,266,63
22,07/20/2022,2,O,200,68
22,07/20/2022,3,O,247,55
22,07/20/2022,4,O,580,70
22,07/20/2022,5,O,1108,129
22,07/20/2022,6,O,1117,112
22,07/20/2022,7,O,1379,180
22,07/20/2022,8,O,1810,282
22,07/20/2022,9,O,1953,314
22,07/20/2022,10,O,1833,297
22,07/20/2022,11,O,2293,356
22,07/20/2022,12,O,2353,409
22,07/20/2022,13,O,2483,401
22,07/20/2022,14,O,2329,384
22,07/20/2022,15,O,2751,457
22,07/20/2022,16,O,2405,406
22,07/20/2022,17,O,2639,417
22,07/20/2022,18,O,2346,396
22,07/20/2022,19,O,2118,397
22,07/20/2022,20,O,1737,285
22,07/20/2022,21,O,1504,295
22,07/20/2022,22,O,1164,227
22,07/20/2022,23,O,884,179
23,07/20/2022,0,I,1111,282
23,07/20/2022,0,O,934,227
23,07/20/2022,1,I,606,159
23,07/20/2022,1,O,571,140
23,07/20/2022,2,I,461,129
23,07/20/2022,2,O,424,148
23,07/20/2022,3,I,457,128
23,07/20/2022,3,O,676,165
23,07/20/2022,4,I,693,132
23,07/20/2022,4,O,1195,247
23,07/20/2022,5,I,1845,293
23,07/20/2022,5,O,2725,455
23,07/20/2022,6,I,3366,416
23,07/20/2022,6,O,3861,633
23,07/20/2022,7,I,3672,522
23,07/20/2022,7,O,3813,688
23,07/20/2022,8,I,3655,542
23,07/20/2022,8,O,3534,590
23,07/20/2022,9,I,2609,385
23,07/20/2022,9,O,3338,676
23,07/20/2022,10,I,2396,415
23,07/20/2022,10,O,3236,654
23,07/20/2022,11,I,2165,399
23,07/20/2022,11,O,3285,712
23,07/20/2022,12,I,2379,450
23,07/20/2022,12,O,3034,681
23,07/20/2022,13,I,2505,469
23,07/20/2022,13,O,3476,770
23,07/20/2022,14,I,3112,592
23,07/20/2022,14,O,3643,772
23,07/20/2022,15,I,3726,648
23,07/20/2022,15,O,3618,713
23,07/20/2022,16,I,3656,571
23,07/20/2022,16,O,3676,649
23,07/20/2022,17,I,3816,679
23,07/20/2022,17,O,3577,664
23,07/20/2022,18,I,3343,647
23,07/20/2022,18,O,3206,625
23,07/20/2022,19,I,2908,604
23,07/20/2022,19,O,3183,606
23,07/20/2022,20,I,2352,469
23,07/20/2022,20,O,2488,465
23,07/20/2022,21,I,2159,444
23,07/20/2022,21,O,2417,548
23,07/20/2022,22,I,2251,491
23,07/20/2022,22,O,2124,467
23,07/20/2022,23,I,1902,428
23,07/20/2022,23,O,1556,373
24,07/20/2022,0,I,105,31
24,07/20/2022,0,O,428,97
24,07/20/2022,1,I,57,16
24,07/20/2022,1,O,157,33
24,07/20/2022,2,I,40,11
24,07/20/2022,2,O,71,20
24,07/20/2022,3,I,49,12
24,07/20/2022,3,O,37,12
24,07/20/2022,4,I,142,16
24,07/20/2022,4,O,51,5
24,07/20/2022,5,I,710,81
24,07/20/2022,5,O,154,32
24,07/20/2022,6,I,2546,308
24,07/20/2022,6,O,479,55
24,07/20/2022,7,I,2167,269
24,07/20/2022,7,O,1138,130
24,07/20/2022,8,I,2050,285
24,07/20/2022,8,O,1517,185
24,07/20/2022,9,I,1920,247
24,07/20/2022,9,O,1100,151
24,07/20/2022,10,I,2048,322
24,07/20/2022,10,O,979,143
24,07/20/2022,11,I,2191,420
24,07/20/2022,11,O,1145,190
24,07/20/2022,12,I,1979,342
24,07/20/2022,12,O,1366,220
24,07/20/2022,13,I,2157,391
24,07/20/2022,13,O,1510,241
24,07/20/2022,14,I,2331,492
24,07/20/2022,14,O,1927,332
24,07/20/2022,15,I,2491,424
24,07/20/2022,15,O,2385,335
24,07/20/2022,16,I,2399,392
24,07/20/2022,16,O,2644,388
24,07/20/2022,17,I,2183,363
24,07/20/2022,17,O,2645,419
24,07/20/2022,18,I,2038,314
24,07/20/2022,18,O,2261,335
24,07/20/2022,19,I,1296,210
24,07/20/2022,19,O,1726,266
24,07/20/2022,20,I,762,129
24,07/20/2022,20,O,1118,173
24,07/20/2022,21,I,576,89
24,07/20/2022,21,O,1228,195
24,07/20/2022,22,I,491,88
24,07/20/2022,22,O,977,147
24,07/20/2022,23,I,410,78
24,07/20/2022,23,O,906,106
25,07/20/2022,0,I,98,22
25,07/20/2022,0,O,72,10
25,07/20/2022,1,I,71,12
25,07/20/2022,1,O,41,12
25,07/20/2022,2,I,42,7
25,07/20/2022,2,O,37,6
25,07/20/2022,3,I,36,10
25,07/20/2022,3,O,38,8
25,07/20/2022,4,I,57,13
25,07/20/2022,4,O,105,8
25,07/20/2022,5,I,153,14
25,07/20/2022,5,O,382,30
25,07/20/2022,6,I,329,59
25,07/20/2022,6,O,637,43
25,07/20/2022,7,I,428,65
25,07/20/2022,7,O,974,71
25,07/20/2022,8,I,554,75
25,07/20/2022,8,O,899,79
25,07/20/2022,9,I,626,99
25,07/20/2022,9,O,760,60
25,07/20/2022,10,I,776,119
25,07/20/2022,10,O,608,58
25,07/20/2022,11,I,917,119
25,07/20/2022,11,O,632,60
25,07/20/2022,12,I,1020,157
25,07/20/2022,12,O,627,65
25,07/20/2022,13,I,914,160
25,07/20/2022,13,O,595,62
25,07/20/2022,14,I,980,150
25,07/20/2022,14,O,698,81
25,07/20/2022,15,I,1041,159
25,07/20/2022,15,O,772,93
25,07/20/2022,16,I,1197,179
25,07/20/2022,16,O,865,100
25,07/20/2022,17,I,1202,159
25,07/20/2022,17,O,778,104
25,07/20/2022,18,I,939,142
25,07/20/2022,18,O,741,117
25,07/20/2022,19,I,690,114
25,07/20/2022,19,O,672,113
25,07/20/2022,20,I,480,59
25,07/20/2022,20,O,647,94
25,07/20/2022,21,I,353,54
25,07/20/2022,21,O,443,70
25,07/20/2022,22,I,296,36
25,07/20/2022,22,O,262,35
25,07/20/2022,23,I,208,32
25,07/20/2022,23,O,183,29
26,07/20/2022,0,I,147,35
26,07/20/2022,0,O,83,23
26,07/20/2022,1,I,93,24
26,07/20/2022,1,O,53,20
26,07/20/2022,2,I,51,16
26,07/20/2022,2,O,48,18
26,07/20/2022,3,I,46,11
26,07/20/2022,3,O,78,11
26,07/20/2022,4,I,75,13
26,07/20/2022,4,O,163,26
26,07/20/2022,5,I,146,15
26,07/20/2022,5,O,421,48
26,07/20/2022,6,I,286,53
26,07/20/2022,6,O,632,85
26,07/20/2022,7,I,431,59
26,07/20/2022,7,O,776,92
26,07/20/2022,8,I,480,85
26,07/20/2022,8,O,733,93
26,07/20/2022,9,I,618,89
26,07/20/2022,9,O,617,78
26,07/20/2022,10,I,617,135
26,07/20/2022,10,O,581,87
26,07/20/2022,11,I,680,133
26,07/20/2022,11,O,589,84
26,07/20/2022,12,I,796,139
26,07/20/2022,12,O,620,105
26,07/20/2022,13,I,729,133
26,07/20/2022,13,O,706,108
26,07/20/2022,14,I,854,144
26,07/20/2022,14,O,708,138
26,07/20/2022,15,I,873,161
26,07/20/2022,15,O,782,164
26,07/20/2022,16,I,845,152
26,07/20/2022,16,O,788,170
26,07/20/2022,17,I,917,140
26,07/20/2022,17,O,751,166
26,07/20/2022,18,I,821,136
26,07/20/2022,18,O,758,168
26,07/20/2022,19,I,666,107
26,07/20/2022,19,O,533,126
26,07/20/2022,20,I,475,56
26,07/20/2022,20,O,568,121
26,07/20/2022,21,I,393,58
26,07/20/2022,21,O,407,87
26,07/20/2022,22,I,306,40
26,07/20/2022,22,O,260,47
26,07/20/2022,23,I,242,37
26,07/20/2022,23,O,181,33
27,07/20/2022,0,I,646,82
27,07/20/2022,0,O,733,120
27,07/20/2022,1,I,200,36
27,07/20/2022,1,O,482,69
27,07/20/2022,2,I,122,23
27,07/20/2022,2,O,276,56
27,07/20/2022,3,I,125,30
27,07/20/2022,3,O,241,36
27,07/20/2022,4,I,275,39
27,07/20/2022,4,O,457,65
27,07/20/2022,5,I,1133,170
27,07/20/2022,5,O,763,99
27,07/20/2022,6,I,2504,395
27,07/20/2022,6,O,1080,145
27,07/20/2022,7,I,2975,499
27,07/20/2022,7,O,1204,168
27,07/20/2022,8,I,3031,495
27,07/20/2022,8,O,1072,206
27,07/20/2022,9,I,2997,522
27,07/20/2022,9,O,1104,180
27,07/20/2022,10,I,2623,453
27,07/20/2022,10,O,1127,176
27,07/20/2022,11,I,2228,390
27,07/20/2022,11,O,1560,290
27,07/20/2022,12,I,2279,359
27,07/20/2022,12,O,1838,327
27,07/20/2022,13,I,2184,349
27,07/20/2022,13,O,1958,363
27,07/20/2022,14,I,2244,368
27,07/20/2022,14,O,2087,372
27,07/20/2022,15,I,2281,368
27,07/20/2022,15,O,2290,360
27,07/20/2022,16,I,2263,360
27,07/20/2022,16,O,2288,350
27,07/20/2022,17,I,2322,368
27,07/20/2022,17,O,2014,342
27,07/20/2022,18,I,2342,386
27,07/20/2022,18,O,1833,288
27,07/20/2022,19,I,2074,392
27,07/20/2022,19,O,1804,272
27,07/20/2022,20,I,1501,284
27,07/20/2022,20,O,1782,267
27,07/20/2022,21,I,1518,218
27,07/20/2022,21,O,1651,266
27,07/20/2022,22,I,1351,225
27,07/20/2022,22,O,1668,299
27,07/20/2022,23,I,980,130
27,07/20/2022,23,O,1550,276
28,07/20/2022,0,I,175,37
28,07/20/2022,0,O,416,49
28,07/20/2022,1,I,67,14
28,07/20/2022,1,O,134,22
28,07/20/2022,2,I,36,16
28,07/20/2022,2,O,87,8
28,07/20/2022,3,I,37,12
28,07/20/2022,3,O,54,8
28,07/20/2022,4,I,137,15
28,07/20/2022,4,O,53,8
28,07/20/2022,5,I,1011,122
28,07/20/2022,5,O,155,23
28,07/20/2022,6,I,2473,292
28,07/20/2022,6,O,503,84
28,07/20/2022,7,I,2804,368
28,07/20/2022,7,O,720,120
28,07/20/2022,8,I,2798,329
28,07/20/2022,8,O,863,155
28,07/20/2022,9,I,2596,350
28,07/20/2022,9,O,893,169
28,07/20/2022,10,I,1401,191
28,07/20/2022,10,O,1184,186
28,07/20/2022,11,I,1953,239
28,07/20/2022,11,O,1266,172
28,07/20/2022,12,I,1929,261
28,07/20/2022,12,O,1383,210
28,07/20/2022,13,I,1717,288
28,07/20/2022,13,O,1555,248
28,07/20/2022,14,I,1780,301
28,07/20/2022,14,O,1749,293
28,07/20/2022,15,I,1738,304
28,07/20/2022,15,O,2206,350
28,07/20/2022,16,I,1140,219
28,07/20/2022,16,O,2552,349
28,07/20/2022,17,I,999,151
28,07/20/2022,17,O,1856,234
28,07/20/2022,18,I,1031,163
28,07/20/2022,18,O,2153,276
28,07/20/2022,19,I,1382,252
28,07/20/2022,19,O,2008,296
28,07/20/2022,20,I,983,166
28,07/20/2022,20,O,1429,209
28,07/20/2022,21,I,943,164
28,07/20/2022,21,O,997,154
28,07/20/2022,22,I,726,138
28,07/20/2022,22,O,885,126
28,07/20/2022,23,I,515,72
28,07/20/2022,23,O,807,96
29,07/20/2022,0,I,566,133
29,07/20/2022,0,O,705,183
29,07/20/2022,1,I,363,78
29,07/20/2022,1,O,548,117
29,07/20/2022,2,I,307,65
29,07/20/2022,2,O,352,98
29,07/20/2022,3,I,404,85
29,07/20/2022,3,O,343,90
29,07/20/2022,4,I,835,144
29,07/20/2022,4,O,604,85
29,07/20/2022,5,I,2700,325
29,07/20/2022,5,O,1416,213
29,07/20/2022,6,I,3699,562
29,07/20/2022,6,O,2339,311
29,07/20/2022,7,I,3280,519
29,07/20/2022,7,O,2276,330
29,07/20/2022,8,I,3284,494
29,07/20/2022,8,O,2305,332
29,07/20/2022,9,I,3020,486
29,07/20/2022,9,O,2317,369
29,07/20/2022,10,I,2250,389
29,07/20/2022,10,O,2080,349
29,07/20/2022,11,I,2223,392
29,07/20/2022,11,O,2103,375
29,07/20/2022,12,I,2278,440
29,07/20/2022,12,O,2103,424
29,07/20/2022,13,I,2360,431
29,07/20/2022,13,O,2203,394
29,07/20/2022,14,I,2142,358
29,07/20/2022,14,O,3353,657
29,07/20/2022,15,I,2329,383
29,07/20/2022,15,O,3897,725
29,07/20/2022,16,I,2443,413
29,07/20/2022,16,O,3788,625
29,07/20/2022,17,I,2427,445
29,07/20/2022,17,O,3568,620
29,07/20/2022,18,I,2431,396
29,07/20/2022,18,O,3434,573
29,07/20/2022,19,I,2383,456
29,07/20/2022,19,O,3070,556
29,07/20/2022,20,I,1927,386
29,07/20/2022,20,O,2244,393
29,07/20/2022,21,I,1744,347
29,07/20/2022,21,O,1763,355
29,07/20/2022,22,I,830,155
29,07/20/2022,22,O,1150,270
29,07/20/2022,23,I,630,158
29,07/20/2022,23,O,1105,243
30,07/20/2022,0,I,1400,245
30,07/20/2022,0,O,1880,258
30,07/20/2022,1,I,984,181
30,07/20/2022,1,O,1221,206
30,07/20/2022,2,I,724,132
30,07/20/2022,2,O,749,138
30,07/20/2022,3,I,942,150
30,07/20/2022,3,O,747,93
30,07/20/2022,4,I,2271,200
30,07/20/2022,4,O,955,137
30,07/20/2022,5,I,5866,469
30,07/20/2022,5,O,1812,250
30,07/20/2022,6,I,8148,671
30,07/20/2022,6,O,3276,409
30,07/20/2022,7,I,7283,651
30,07/20/2022,7,O,4242,526
30,07/20/2022,8,I,6778,583
30,07/20/2022,8,O,4702,526
30,07/20/2022,9,I,6209,676
30,07/20/2022,9,O,4671,596
30,07/20/2022,10,I,5389,620
30,07/20/2022,10,O,4299,604
30,07/20/2022,11,I,4752,665
30,07/20/2022,11,O,3819,541
30,07/20/2022,12,I,4229,638
30,07/20/2022,12,O,5017,698
30,07/20/2022,13,I,4660,664
30,07/20/2022,13,O,4997,665
30,07/20/2022,14,I,4531,695
30,07/20/2022,14,O,6078,761
30,07/20/2022,15,I,4564,641
30,07/20/2022,15,O,7663,762
30,07/20/2022,16,I,4957,736
30,07/20/2022,16,O,7541,752
30,07/20/2022,17,I,4974,605
30,07/20/2022,17,O,7398,674
30,07/20/2022,18,I,5155,633
30,07/20/2022,18,O,7359,777
30,07/20/2022,19,I,4526,725
30,07/20/2022,19,O,5596,651
30,07/20/2022,20,I,3442,568
30,07/20/2022,20,O,4901,626
30,07/20/2022,21,I,3252,504
30,07/20/2022,21,O,3769,517
30,07/20/2022,22,I,2894,393
30,07/20/2022,22,O,3161,433
30,07/20/2022,23,I,2096,380
30,07/20/2022,23,O,2654,350
21,07/19/2022,0,I,1820,351
21,07/19/2022,1,I,963,227
21,07/19/2022,2,I,605,128
21,07/19/2022,3,I,814,160
21,07/19/2022,4,I,1643,287
21,07/19/2022,5,I,4402,638
21,07/19/2022,6,I,8581,1329
21,07/19/2022,7,I,8398,1371
21,07/19/2022,8,I,7744,1322
21,07/19/2022,9,I,6733,1112
21,07/19/2022,10,I,6447,1245
21,07/19/2022,11,I,6449,1204
21,07/19/2022,12,I,6055,1227
21,07/19/2022,13,I,6878,1404
21,07/19/2022,14,I,7273,1374
21,07/19/2022,15,I,6822,1309
21,07/19/2022,16,I,6394,1126
21,07/19/2022,17,I,6140,1032
21,07/19/2022,18,I,6044,1084
21,07/19/2022,19,I,4922,947
21,07/19/2022,20,I,4164,832
21,07/19/2022,21,I,3778,788
21,07/19/2022,22,I,3108,665
21,07/19/2022,23,I,2554,533
22,07/19/2022,0,O,482,92
22,07/19/2022,1,O,249,60
22,07/19/2022,2,O,148,41
22,07/19/2022,3,O,219,36
22,07/19/2022,4,O,544,73
22,07/19/2022,5,O,1155,118
22,07/19/2022,6,O,1396,161
22,07/19/2022,7,O,1741,238
22,07/19/2022,8,O,1947,257
22,07/19/2022,9,O,1814,296
22,07/19/2022,10,O,2032,313
22,07/19/2022,11,O,2128,366
22,07/19/2022,12,O,2306,420
22,07/19/2022,13,O,2192,397
22,07/19/2022,14,O,2313,416
22,07/19/2022,15,O,2570,451
22,07/19/2022,16,O,2365,362
22,07/19/2022,17,O,2649,414
22,07/19/2022,18,O,2393,424
22,07/19/2022,19,O,1882,354
22,07/19/2022,20,O,1525,275
22,07/19/2022,21,O,1340,255
22,07/19/2022,22,O,1068,226
22,07/19/2022,23,O,898,186
23,07/19/2022,0,I,1095,246
23,07/19/2022,0,O,938,187
23,07/19/2022,1,I,650,151
23,07/19/2022,1,O,598,172
23,07/19/2022,2,I,449,126
23,07/19/2022,2,O,457,123
23,07/19/2022,3,I,463,93
23,07/19/2022,3,O,668,171
23,07/19/2022,4,I,718,128
23,07/19/2022,4,O,1210,226
23,07/19/2022,5,I,1804,258
23,07/19/2022,5,O,2743,455
23,07/19/2022,6,I,3235,413
23,07/19/2022,6,O,3864,589
23,07/19/2022,7,I,3812,510
23,07/19/2022,7,O,3824,594
23,07/19/2022,8,I,3949,559
23,07/19/2022,8,O,3663,610
23,07/19/2022,9,I,3346,514
23,07/19/2022,9,O,3369,670
23,07/19/2022,10,I,3101,548
23,07/19/2022,10,O,3246,592
23,07/19/2022,11,I,3519,660
23,07/19/2022,11,O,3291,624
23,07/19/2022,12,I,3144,615
23,07/19/2022,12,O,3306,774
23,07/19/2022,13,I,3125,623
23,07/19/2022,13,O,3522,779
23,07/19/2022,14,I,3666,714
23,07/19/2022,14,O,3627,732
23,07/19/2022,15,I,3689,694
23,07/19/2022,15,O,3691,735
23,07/19/2022,16,I,3752,626
23,07/19/2022,16,O,3639,711
23,07/19/2022,17,I,3405,583
23,07/19/2022,17,O,3480,605
23,07/19/2022,18,I,3650,634
23,07/19/2022,18,O,2651,477
23,07/19/2022,19,I,2855,581
23,07/19/2022,19,O,3044,531
23,07/19/2022,20,I,2181,474
23,07/19/2022,20,O,2423,486
23,07/19/2022,21,I,2141,420
23,07/19/2022,21,O,2195,486
23,07/19/2022,22,I,2361,540
23,07/19/2022,22,O,1937,429
23,07/19/2022,23,I,1653,413
23,07/19/2022,23,O,1525,372
24,07/19/2022,0,I,113,34
24,07/19/2022,0,O,236,45
24,07/19/2022,1,I,52,7
24,07/19/2022,1,O,95,15
24,07/19/2022,2,I,20,11
24,07/19/2022,2,O,50,21
24,07/19/2022,3,I,56,8
24,07/19/2022,3,O,34,13
24,07/19/2022,4,I,118,18
24,07/19/2022,4,O,46,7
24,07/19/2022,5,I,733,84
24,07/19/2022,5,O,141,19
24,07/19/2022,6,I,2586,328
24,07/19/2022,6,O,446,46
24,07/19/2022,7,I,2609,343
24,07/19/2022,7,O,949,123
24,07/19/2022,8,I,2500,331
24,07/19/2022,8,O,1269,147
24,07/19/2022,9,I,2457,405
24,07/19/2022,9,O,1165,155
24,07/19/2022,10,I,2171,424
24,07/19/2022,10,O,967,146
24,07/19/2022,11,I,2089,393
24,07/19/2022,11,O,1038,164
24,07/19/2022,12,I,2020,411
24,07/19/2022,12,O,1445,269
24,07/19/2022,13,I,2161,430
24,07/19/2022,13,O,1545,261
24,07/19/2022,14,I,2181,421
24,07/19/2022,14,O,2093,327
24,07/19/2022,15,I,2431,446
24,07/19/2022,15,O,2454,378
24,07/19/2022,16,I,2538,440
24,07/19/2022,16,O,2672,372
24,07/19/2022,17,I,2222,350
24,07/19/2022,17,O,2665,357
24,07/19/2022,18,I,2063,326
24,07/19/2022,18,O,2403,312
24,07/19/2022,19,I,1317,225
24,07/19/2022,19,O,1602,242
24,07/19/2022,20,I,773,137
24,07/19/2022,20,O,1070,167
24,07/19/2022,21,I,554,94
24,07/19/2022,21,O,1053,152
24,07/19/2022,22,I,475,95
24,07/19/2022,22,O,1058,146
24,07/19/2022,23,I,254,45
24,07/19/2022,23,O,645,107
25,07/19/2022,0,I,78,10
25,07/19/2022,0,O,55,11
25,07/19/2022,1,I,49,3
25,07/19/2022,1,O,34,7
25,07/19/2022,2,I,39,3
25,07/19/2022,2,O,22,1
25,07/19/2022,3,I,35,10
25,07/19/2022,3,O,30,8
25,07/19/2022,4,I,78,10
25,07/19/2022,4,O,105,10
25,07/19/2022,5,I,209,27
25,07/19/2022,5,O,337,20
25,07/19/2022,6,I,465,67
25,07/19/2022,6,O,653,44
25,07/19/2022,7,I,414,58
25,07/19/2022,7,O,957,73
25,07/19/2022,8,I,526,65
25,07/19/2022,8,O,949,89
25,07/19/2022,9,I,621,75
25,07/19/2022,9,O,771,80
25,07/19/2022,10,I,700,106
25,07/19/2022,10,O,664,63
25,07/19/2022,11,I,808,134
25,07/19/2022,11,O,589,59
25,07/19/2022,12,I,945,148
25,07/19/2022,12,O,625,68
25,07/19/2022,13,I,941,164
25,07/19/2022,13,O,591,66
25,07/19/2022,14,I,891,133
25,07/19/2022,14,O,704,73
25,07/19/2022,15,I,1022,157
25,07/19/2022,15,O,804,108
25,07/19/2022,16,I,1013,171
25,07/19/2022,16,O,877,116
25,07/19/2022,17,I,1184,141
25,07/19/2022,17,O,792,87
25,07/19/2022,18,I,940,116
25,07/19/2022,18,O,735,86
25,07/19/2022,19,I,665,97
25,07/19/2022,19,O,604,76
25,07/19/2022,20,I,455,83
25,07/19/2022,20,O,589,98
25,07/19/2022,21,I,356,43
25,07/19/2022,21,O,479,60
25,07/19/2022,22,I,279,38
25,07/19/2022,22,O,261,34
25,07/19/2022,23,I,181,31
25,07/19/2022,23,O,181,22
26,07/19/2022,0,I,147,24
26,07/19/2022,0,O,62,18
26,07/19/2022,1,I,72,20
26,07/19/2022,1,O,40,10
26,07/19/2022,2,I,44,21
26,07/19/2022,2,O,45,16
26,07/19/2022,3,I,46,7
26,07/19/2022,3,O,62,9
26,07/19/2022,4,I,45,11
26,07/19/2022,4,O,150,26
26,07/19/2022,5,I,130,19
26,07/19/2022,5,O,454,53
26,07/19/2022,6,I,314,55
26,07/19/2022,6,O,800,99
26,07/19/2022,7,I,455,58
26,07/19/2022,7,O,804,91
26,07/19/2022,8,I,485,74
26,07/19/2022,8,O,728,89
26,07/19/2022,9,I,581,119
26,07/19/2022,9,O,599,71
26,07/19/2022,10,I,589,105
26,07/19/2022,10,O,563,71
26,07/19/2022,11,I,670,120
26,07/19/2022,11,O,605,92
26,07/19/2022,12,I,776,140
26,07/19/2022,12,O,606,98
26,07/19/2022,13,I,747,146
26,07/19/2022,13,O,656,121
26,07/19/2022,14,I,845,140
26,07/19/2022,14,O,721,118
26,07/19/2022,15,I,874,148
26,07/19/2022,15,O,714,147
26,07/19/2022,16,I,817,143
26,07/19/2022,16,O,746,184
26,07/19/2022,17,I,838,113
26,07/19/2022,17,O,794,149
26,07/19/2022,18,I,777,100
26,07/19/2022,18,O,726,135
26,07/19/2022,19,I,655,103
26,07/19/2022,19,O,529,124
26,07/19/2022,20,I,493,61
26,07/19/2022,20,O,523,115
26,07/19/2022,21,I,383,50
26,07/19/2022,21,O,421,95
26,07/19/2022,22,I,312,47
26,07/19/2022,22,O,266,52
26,07/19/2022,23,I,217,38
26,07/19/2022,23,O,140,36
27,07/19/2022,0,I,752,100
27,07/19/2022,0,O,593,117
27,07/19/2022,1,I,346,39
27,07/19/2022,1,O,336,103
27,07/19/2022,2,I,126,35
27,07/19/2022,2,O,227,43
27,07/19/2022,3,I,145,30
27,07/19/2022,3,O,236,52
27,07/19/2022,4,I,339,37
27,07/19/2022,4,O,494,59
27,07/19/2022,5,I,1142,163
27,07/19/2022,5,O,784,87
27,07/19/2022,6,I,2524,387
27,07/19/2022,6,O,1110,146
27,07/19/2022,7,I,3016,438
27,07/19/2022,7,O,1160,179
27,07/19/2022,8,I,3075,480
27,07/19/2022,8,O,996,172
27,07/19/2022,9,I,3026,489
27,07/19/2022,9,O,1108,185
27,07/19/2022,10,I,2587,481
27,07/19/2022,10,O,1214,207
27,07/19/2022,11,I,2293,399
27,07/19/2022,11,O,1635,267
27,07/19/2022,12,I,1724,315
27,07/19/2022,12,O,1697,304
27,07/19/2022,13,I,1171,210
27,07/19/2022,13,O,1800,280
27,07/19/2022,14,I,2242,333
27,07/19/2022,14,O,1946,288
27,07/19/2022,15,I,2307,360
27,07/19/2022,15,O,2224,395
27,07/19/2022,16,I,2314,385
27,07/19/2022,16,O,2138,330
27,07/19/2022,17,I,2305,313
27,07/19/2022,17,O,2047,362
27,07/19/2022,18,I,2256,351
27,07/19/2022,18,O,1781,296
27,07/19/2022,19,I,1755,350
27,07/19/2022,19,O,1738,265
27,07/19/2022,20,I,1377,229
27,07/19/2022,20,O,1651,263
27,07/19/2022,21,I,1383,227
27,07/19/2022,21,O,1604,238
27,07/19/2022,22,I,1330,196
27,07/19/2022,22,O,1495,250
27,07/19/2022,23,I,893,128
27,07/19/2022,23,O,1155,224
28,07/19/2022,0,I,116,19
28,07/19/2022,0,O,307,38
28,07/19/2022,1,I,59,11
28,07/19/2022,1,O,116,15
28,07/19/2022,2,I,40,1
28,07/19/2022,2,O,69,11
28,07/19/2022,3,I,44,4
28,07/19/2022,3,O,49,9
28,07/19/2022,4,I,119,10
28,07/19/2022,4,O,44,10
28,07/19/2022,5,I,878,100
28,07/19/2022,5,O,136,27
28,07/19/2022,6,I,2608,308
28,07/19/2022,6,O,474,72
28,07/19/2022,7,I,2889,350
28,07/19/2022,7,O,751,116
28,07/19/2022,8,I,2822,345
28,07/19/2022,8,O,886,139
28,07/19/2022,9,I,2605,300
28,07/19/2022,9,O,717,115
28,07/19/2022,10,I,2159,291
28,07/19/2022,10,O,947,188
28,07/19/2022,11,I,1755,240
28,07/19/2022,11,O,1054,170
28,07/19/2022,12,I,1756,278
28,07/19/2022,12,O,1391,196
28,07/19/2022,13,I,1619,283
28,07/19/2022,13,O,1674,249
28,07/19/2022,14,I,1682,252
28,07/19/2022,14,O,1851,308
28,07/19/2022,15,I,1739,313
28,07/19/2022,15,O,2223,344
28,07/19/2022,16,I,1134,170
28,07/19/2022,16,O,2498,335
28,07/19/2022,17,I,1031,180
28,07/19/2022,17,O,2535,322
28,07/19/2022,18,I,1086,154
28,07/19/2022,18,O,2357,330
28,07/19/2022,19,I,1204,223
28,07/19/2022,19,O,1696,216
28,07/19/2022,20,I,862,151
28,07/19/2022,20,O,1210,175
28,07/19/2022,21,I,764,117
28,07/19/2022,21,O,929,121
28,07/19/2022,22,I,649,122
28,07/19/2022,22,O,801,88
28,07/19/2022,23,I,506,92
28,07/19/2022,23,O,715,103
29,07/19/2022,0,I,408,87
29,07/19/2022,0,O,560,149
29,07/19/2022,1,I,361,79
29,07/19/2022,1,O,398,88
29,07/19/2022,2,I,290,59
29,07/19/2022,2,O,306,55
29,07/19/2022,3,I,378,90
29,07/19/2022,3,O,379,64
29,07/19/2022,4,I,860,150
29,07/19/2022,4,O,650,84
29,07/19/2022,5,I,2657,340
29,07/19/2022,5,O,1373,190
29,07/19/2022,6,I,3755,517
29,07/19/2022,6,O,2354,325
29,07/19/2022,7,I,3415,524
29,07/19/2022,7,O,2324,315
29,07/19/2022,8,I,3331,493
29,07/19/2022,8,O,2240,316
29,07/19/2022,9,I,2656,397
29,07/19/2022,9,O,2154,339
29,07/19/2022,10,I,2257,391
29,07/19/2022,10,O,2109,393
29,07/19/2022,11,I,2118,347
29,07/19/2022,11,O,2149,379
29,07/19/2022,12,I,1889,353
29,07/19/2022,12,O,2204,379
29,07/19/2022,13,I,2024,363
29,07/19/2022,13,O,2171,377
29,07/19/2022,14,I,1907,322
29,07/19/2022,14,O,2682,503
29,07/19/2022,15,I,2291,411
29,07/19/2022,15,O,3831,666
29,07/19/2022,16,I,2374,393
29,07/19/2022,16,O,3602,642
29,07/19/2022,17,I,2248,367
29,07/19/2022,17,O,3480,575
29,07/19/2022,18,I,1914,320
29,07/19/2022,18,O,3982,653
29,07/19/2022,19,I,2069,384
29,07/19/2022,19,O,3038,518
29,07/19/2022,20,I,1804,354
29,07/19/2022,20,O,2307,384
29,07/19/2022,21,I,1685,321
29,07/19/2022,21,O,1660,368
29,07/19/2022,22,I,807,177
29,07/19/2022,22,O,1203,267
29,07/19/2022,23,I,765,155
29,07/19/2022,23,O,907,217
30,07/19/2022,0,I,1138,203
30,07/19/2022,0,O,1774,228
30,07/19/2022,1,I,799,141
30,07/19/2022,1,O,1118,166
30,07/19/2022,2,I,757,133
30,07/19/2022,2,O,715,127
30,07/19/2022,3,I,933,165
30,07/19/2022,3,O,639,86
30,07/19/2022,4,I,2242,237
30,07/19/2022,4,O,817,126
30,07/19/2022,5,I,5932,463
30,07/19/2022,5,O,1783,240
30,07/19/2022,6,I,8148,655
30,07/19/2022,6,O,3076,406
30,07/19/2022,7,I,7288,597
30,07/19/2022,7,O,4298,477
30,07/19/2022,8,I,6790,598
30,07/19/2022,8,O,4655,501
30,07/19/2022,9,I,6339,621
30,07/19/2022,9,O,4454,587
30,07/19/2022,10,I,5583,704
30,07/19/2022,10,O,4567,650
30,07/19/2022,11,I,4636,671
30,07/19/2022,11,O,3449,514
30,07/19/2022,12,I,4344,638
30,07/19/2022,12,O,5135,668
30,07/19/2022,13,I,4318,622
30,07/19/2022,13,O,5397,695
30,07/19/2022,14,I,4622,656
30,07/19/2022,14,O,6343,751
30,07/19/2022,15,I,4641,677
30,07/19/2022,15,O,7215,795
30,07/19/2022,16,I,4585,608
30,07/19/2022,16,O,7654,794
30,07/19/2022,17,I,4851,631
30,07/19/2022,17,O,7845,769
30,07/19/2022,18,I,4824,582
30,07/19/2022,18,O,6989,723
30,07/19/2022,19,I,4038,532
30,07/19/2022,19,O,5282,624
30,07/19/2022,20,I,3514,499
30,07/19/2022,20,O,4735,576
30,07/19/2022,21,I,2980,469
30,07/19/2022,21,O,3801,498
30,07/19/2022,22,I,2678,390
30,07/19/2022,22,O,3004,382
30,07/19/2022,23,I,2128,333
30,07/19/2022,23,O,2390,308
21,07/18/2022,0,I,2174,459
21,07/18/2022,1,I,1162,287
21,07/18/2022,2,I,859,217
21,07/18/2022,3,I,916,220
21,07/18/2022,4,I,1859,375
21,07/18/2022,5,I,4632,662
21,07/18/2022,6,I,8417,1210
21,07/18/2022,7,I,7313,1122
21,07/18/2022,8,I,7093,1208
21,07/18/2022,9,I,6398,1070
21,07/18/2022,10,I,5882,1065
21,07/18/2022,11,I,6171,1187
21,07/18/2022,12,I,6029,1142
21,07/18/2022,13,I,6270,1236
21,07/18/2022,14,I,7061,1314
21,07/18/2022,15,I,5833,1081
21,07/18/2022,16,I,5571,910
21,07/18/2022,17,I,5319,911
21,07/18/2022,18,I,5012,917
21,07/18/2022,19,I,4387,813
21,07/18/2022,20,I,3699,732
21,07/18/2022,21,I,3249,606
21,07/18/2022,22,I,2689,575
21,07/18/2022,23,I,2356,530
22,07/18/2022,0,O,673,155
22,07/18/2022,1,O,349,97
22,07/18/2022,2,O,222,69
22,07/18/2022,3,O,289,63
22,07/18/2022,4,O,652,82
22,07/18/2022,5,O,1044,97
22,07/18/2022,6,O,1335,144
22,07/18/2022,7,O,1431,184
22,07/18/2022,8,O,1496,221
22,07/18/2022,9,O,1757,276
22,07/18/2022,10,O,1897,314
22,07/18/2022,11,O,2041,333
22,07/18/2022,12,O,2104,356
22,07/18/2022,13,O,2299,366
22,07/18/2022,14,O,2050,372
22,07/18/2022,15,O,1887,331
22,07/18/2022,16,O,2015,309
22,07/18/2022,17,O,2069,343
22,07/18/2022,18,O,2067,322
22,07/18/2022,19,O,1732,277
22,07/18/2022,20,O,1468,234
22,07/18/2022,21,O,1307,267
22,07/18/2022,22,O,965,196
22,07/18/2022,23,O,684,159
23,07/18/2022,0,I,1230,309
23,07/18/2022,0,O,1113,285
23,07/18/2022,1,I,634,199
23,07/18/2022,1,O,654,194
23,07/18/2022,2,I,516,153
23,07/18/2022,2,O,527,161
23,07/18/2022,3,I,475,129
23,07/18/2022,3,O,667,162
23,07/18/2022,4,I,735,162
23,07/18/2022,4,O,1257,238
23,07/18/2022,5,I,1728,276
23,07/18/2022,5,O,2745,443
23,07/18/2022,6,I,3392,444
23,07/18/2022,6,O,3975,623
23,07/18/2022,7,I,3510,464
23,07/18/2022,7,O,3280,470
23,07/18/2022,8,I,3811,564
23,07/18/2022,8,O,3565,606
23,07/18/2022,9,I,3811,552
23,07/18/2022,9,O,3101,580
23,07/18/2022,10,I,3600,627
23,07/18/2022,10,O,3001,596
23,07/18/2022,11,I,3307,739
23,07/18/2022,11,O,3082,677
23,07/18/2022,12,I,2948,573
23,07/18/2022,12,O,3347,774
23,07/18/2022,13,I,2896,636
23,07/18/2022,13,O,3476,790
23,07/18/2022,14,I,3399,633
23,07/18/2022,14,O,3579,707
23,07/18/2022,15,I,3261,587
23,07/18/2022,15,O,2550,534
23,07/18/2022,16,I,3877,685
23,07/18/2022,16,O,2887,489
23,07/18/2022,17,I,3622,616
23,07/18/2022,17,O,3076,562
23,07/18/2022,18,I,3659,663
23,07/18/2022,18,O,3170,565
23,07/18/2022,19,I,3159,659
23,07/18/2022,19,O,3133,577
23,07/18/2022,20,I,2163,462
23,07/18/2022,20,O,2389,514
23,07/18/2022,21,I,1809,434
23,07/18/2022,21,O,1975,438
23,07/18/2022,22,I,1818,404
23,07/18/2022,22,O,1793,429
23,07/18/2022,23,I,1125,298
23,07/18/2022,23,O,1391,352
24,07/18/2022,0,I,103,31
24,07/18/2022,0,O,223,50
24,07/18/2022,1,I,50,19
24,07/18/2022,1,O,131,38
24,07/18/2022,2,I,31,14
24,07/18/2022,2,O,73,11
24,07/18/2022,3,I,52,13
24,07/18/2022,3,O,33,18
24,07/18/2022,4,I,163,20
24,07/18/2022,4,O,56,7
24,07/18/2022,5,I,760,92
24,07/18/2022,5,O,116,29
24,07/18/2022,6,I,2305,314
24,07/18/2022,6,O,453,41
24,07/18/2022,7,I,2313,257
24,07/18/2022,7,O,875,112
24,07/18/2022,8,I,2156,237
24,07/18/2022,8,O,1373,181
24,07/18/2022,9,I,2387,362
24,07/18/2022,9,O,1324,188
24,07/18/2022,10,I,2290,457
24,07/18/2022,10,O,1283,191
24,07/18/2022,11,I,2023,404
24,07/18/2022,11,O,1138,201
24,07/18/2022,12,I,2044,415
24,07/18/2022,12,O,1288,241
24,07/18/2022,13,I,1692,331
24,07/18/2022,13,O,1389,266
24,07/18/2022,14,I,1817,332
24,07/18/2022,14,O,1582,234
24,07/18/2022,15,I,1020,212
24,07/18/2022,15,O,798,153
24,07/18/2022,16,I,1973,346
24,07/18/2022,16,O,1236,183
24,07/18/2022,17,I,1883,351
24,07/18/2022,17,O,1924,296
24,07/18/2022,18,I,2096,394
24,07/18/2022,18,O,2319,319
24,07/18/2022,19,I,1266,272
24,07/18/2022,19,O,1911,262
24,07/18/2022,20,I,731,161
24,07/18/2022,20,O,1224,188
24,07/18/2022,21,I,518,91
24,07/18/2022,21,O,557,114
24,07/18/2022,22,I,386,86
24,07/18/2022,22,O,429,69
24,07/18/2022,23,I,270,71
24,07/18/2022,23,O,325,57
25,07/18/2022,0,I,118,20
25,07/18/2022,0,O,67,16
25,07/18/2022,1,I,49,11
25,07/18/2022,1,O,45,10
25,07/18/2022,2,I,37,7
25,07/18/2022,2,O,42,2
25,07/18/2022,3,I,35,4
25,07/18/2022,3,O,33,3
25,07/18/2022,4,I,51,9
25,07/18/2022,4,O,102,8
25,07/18/2022,5,I,129,17
25,07/18/2022,5,O,367,17
25,07/18/2022,6,I,275,57
25,07/18/2022,6,O,683,46
25,07/18/2022,7,I,354,49
25,07/18/2022,7,O,826,68
25,07/18/2022,8,I,435,51
25,07/18/2022,8,O,854,68
25,07/18/2022,9,I,418,46
25,07/18/2022,9,O,701,69
25,07/18/2022,10,I,398,49
25,07/18/2022,10,O,635,62
25,07/18/2022,11,I,437,54
25,07/18/2022,11,O,621,60
25,07/18/2022,12,I,508,69
25,07/18/2022,12,O,559,61
25,07/18/2022,13,I,584,74
25,07/18/2022,13,O,525,56
25,07/18/2022,14,I,701,95
25,07/18/2022,14,O,560,63
25,07/18/2022,15,I,742,101
25,07/18/2022,15,O,537,54
25,07/18/2022,16,I,846,120
25,07/18/2022,16,O,573,66
25,07/18/2022,17,I,957,116
25,07/18/2022,17,O,545,55
25,07/18/2022,18,I,861,84
25,07/18/2022,18,O,428,60
25,07/18/2022,19,I,608,58
25,07/18/2022,19,O,319,44
25,07/18/2022,20,I,401,43
25,07/18/2022,20,O,295,33
25,07/18/2022,21,I,278,40
25,07/18/2022,21,O,227,22
25,07/18/2022,22,I,224,38
25,07/18/2022,22,O,186,27
25,07/18/2022,23,I,135,16
25,07/18/2022,23,O,111,21
26,07/18/2022,0,I,131,35
26,07/18/2022,0,O,91,27
26,07/18/2022,1,I,91,21
26,07/18/2022,1,O,57,14
26,07/18/2022,2,I,65,12
26,07/18/2022,2,O,55,8
26,07/18/2022,3,I,38,8
26,07/18/2022,3,O,67,12
26,07/18/2022,4,I,46,14
26,07/18/2022,4,O,140,27
26,07/18/2022,5,I,115,12
26,07/18/2022,5,O,388,51
26,07/18/2022,6,I,268,56
26,07/18/2022,6,O,618,80
26,07/18/2022,7,I,356,51
26,07/18/2022,7,O,727,101
26,07/18/2022,8,I,400,56
26,07/18/2022,8,O,654,77
26,07/18/2022,9,I,403,64
26,07/18/2022,9,O,500,57
26,07/18/2022,10,I,398,66
26,07/18/2022,10,O,530,64
26,07/18/2022,11,I,418,65
26,07/18/2022,11,O,517,87
26,07/18/2022,12,I,472,60
26,07/18/2022,12,O,513,70
26,07/18/2022,13,I,555,80
26,07/18/2022,13,O,518,85
26,07/18/2022,14,I,643,110
26,07/18/2022,14,O,570,96
26,07/18/2022,15,I,684,102
26,07/18/2022,15,O,542,107
26,07/18/2022,16,I,703,111
26,07/18/2022,16,O,476,86
26,07/18/2022,17,I,775,103
26,07/18/2022,17,O,508,93
26,07/18/2022,18,I,663,89
26,07/18/2022,18,O,444,77
26,07/18/2022,19,I,540,72
26,07/18/2022,19,O,329,62
26,07/18/2022,20,I,378,64
26,07/18/2022,20,O,254,67
26,07/18/2022,21,I,309,51
26,07/18/2022,21,O,206,47
26,07/18/2022,22,I,194,39
26,07/18/2022,22,O,178,35
26,07/18/2022,23,I,201,28
26,07/18/2022,23,O,115,37
27,07/18/2022,0,I,851,96
27,07/18/2022,0,O,694,144
27,07/18/2022,1,I,353,63
27,07/18/2022,1,O,378,111
27,07/18/2022,2,I,203,46
27,07/18/2022,2,O,263,54
27,07/18/2022,3,I,148,34
27,07/18/2022,3,O,306,61
27,07/18/2022,4,I,340,58
27,07/18/2022,4,O,489,43
27,07/18/2022,5,I,1095,135
27,07/18/2022,5,O,786,74
27,07/18/2022,6,I,2127,292
27,07/18/2022,6,O,1280,177
27,07/18/2022,7,I,2748,397
27,07/18/2022,7,O,1178,160
27,07/18/2022,8,I,3012,455
27,07/18/2022,8,O,1071,190
27,07/18/2022,9,I,2957,502
27,07/18/2022,9,O,1085,180
27,07/18/2022,10,I,2636,420
27,07/18/2022,10,O,1289,212
27,07/18/2022,11,I,2212,367
27,07/18/2022,11,O,1546,270
27,07/18/2022,12,I,2190,411
27,07/18/2022,12,O,1716,316
27,07/18/2022,13,I,2147,412
27,07/18/2022,13,O,1877,292
27,07/18/2022,14,I,2173,372
27,07/18/2022,14,O,1980,332
27,07/18/2022,15,I,2201,359
27,07/18/2022,15,O,2214,359
27,07/18/2022,16,I,2235,374
27,07/18/2022,16,O,2169,339
27,07/18/2022,17,I,2233,333
27,07/18/2022,17,O,1988,343
27,07/18/2022,18,I,2053,345
27,07/18/2022,18,O,1699,300
27,07/18/2022,19,I,1644,294
27,07/18/2022,19,O,1627,293
27,07/18/2022,20,I,1406,230
27,07/18/2022,20,O,1527,228
27,07/18/2022,21,I,1286,170
27,07/18/2022,21,O,1345,239
27,07/18/2022,22,I,1191,177
27,07/18/2022,22,O,1108,209
27,07/18/2022,23,I,862,110
27,07/18/2022,23,O,881,157
28,07/18/2022,0,I,146,33
28,07/18/2022,0,O,452,66
28,07/18/2022,1,I,57,16
28,07/18/2022,1,O,174,27
28,07/18/2022,2,I,31,12
28,07/18/2022,2,O,79,19
28,07/18/2022,3,I,38,9
28,07/18/2022,3,O,45,17
28,07/18/2022,4,I,118,8
28,07/18/2022,4,O,38,6
28,07/18/2022,5,I,826,88
28,07/18/2022,5,O,121,25
28,07/18/2022,6,I,2358,269
28,07/18/2022,6,O,484,75
28,07/18/2022,7,I,2734,362
28,07/18/2022,7,O,696,108
28,07/18/2022,8,I,2754,304
28,07/18/2022,8,O,833,139
28,07/18/2022,9,I,2250,303
28,07/18/2022,9,O,823,141
28,07/18/2022,10,I,1780,262
28,07/18/2022,10,O,1148,163
28,07/18/2022,11,I,1537,227
28,07/18/2022,11,O,1111,150
28,07/18/2022,12,I,1373,213
28,07/18/2022,12,O,1451,241
28,07/18/2022,13,I,1401,224
28,07/18/2022,13,O,1534,221
28,07/18/2022,14,I,1504,278
28,07/18/2022,14,O,1782,265
28,07/18/2022,15,I,1563,258
28,07/18/2022,15,O,2230,314
28,07/18/2022,16,I,1139,184
28,07/18/2022,16,O,2393,337
28,07/18/2022,17,I,1106,163
28,07/18/2022,17,O,2548,328
28,07/18/2022,18,I,997,168
28,07/18/2022,18,O,2199,283
28,07/18/2022,19,I,966,187
28,07/18/2022,19,O,1638,257
28,07/18/2022,20,I,707,122
28,07/18/2022,20,O,1131,173
28,07/18/2022,21,I,527,106
28,07/18/2022,21,O,749,98
28,07/18/2022,22,I,389,80
28,07/18/2022,22,O,563,69
28,07/18/2022,23,I,211,46
28,07/18/2022,23,O,451,56
29,07/18/2022,0,I,681,182
29,07/18/2022,0,O,1057,255
29,07/18/2022,1,I,398,105
29,07/18/2022,1,O,544,124
29,07/18/2022,2,I,311,96
29,07/18/2022,2,O,395,107
29,07/18/2022,3,I,401,87
29,07/18/2022,3,O,384,89
29,07/18/2022,4,I,813,119
29,07/18/2022,4,O,597,98
29,07/18/2022,5,I,2474,318
29,07/18/2022,5,O,1407,223
29,07/18/2022,6,I,3668,561
29,07/18/2022,6,O,2132,319
29,07/18/2022,7,I,3282,503
29,07/18/2022,7,O,2213,329
29,07/18/2022,8,I,2741,406
29,07/18/2022,8,O,2126,340
29,07/18/2022,9,I,2482,419
29,07/18/2022,9,O,2126,326
29,07/18/2022,10,I,2086,366
29,07/18/2022,10,O,2218,345
29,07/18/2022,11,I,1997,347
29,07/18/2022,11,O,2047,388
29,07/18/2022,12,I,1886,354
29,07/18/2022,12,O,2102,339
29,07/18/2022,13,I,1748,349
29,07/18/2022,13,O,2194,396
29,07/18/2022,14,I,1888,381
29,07/18/2022,14,O,3137,552
29,07/18/2022,15,I,1918,307
29,07/18/2022,15,O,2489,459
29,07/18/2022,16,I,2256,400
29,07/18/2022,16,O,2905,473
29,07/18/2022,17,I,1994,347
29,07/18/2022,17,O,2823,452
29,07/18/2022,18,I,1892,323
29,07/18/2022,18,O,3186,527
29,07/18/2022,19,I,1595,323
29,07/18/2022,19,O,2764,494
29,07/18/2022,20,I,1655,267
29,07/18/2022,20,O,1760,321
29,07/18/2022,21,I,1216,253
29,07/18/2022,21,O,1179,247
29,07/18/2022,22,I,752,161
29,07/18/2022,22,O,901,201
29,07/18/2022,23,I,566,118
29,07/18/2022,23,O,736,171
30,07/18/2022,0,I,1750,378
30,07/18/2022,0,O,1909,345
30,07/18/2022,1,I,1166,274
30,07/18/2022,1,O,1039,213
30,07/18/2022,2,I,767,207
30,07/18/2022,2,O,771,170
30,07/18/2022,3,I,1001,170
30,07/18/2022,3,O,701,100
30,07/18/2022,4,I,2265,262
30,07/18/2022,4,O,925,157
30,07/18/2022,5,I,5980,464
30,07/18/2022,5,O,1826,271
30,07/18/2022,6,I,8015,664
30,07/18/2022,6,O,3314,436
30,07/18/2022,7,I,7557,660
30,07/18/2022,7,O,3816,450
30,07/18/2022,8,I,6878,610
30,07/18/2022,8,O,4985,576
30,07/18/2022,9,I,6322,653
30,07/18/2022,9,O,4293,616
30,07/18/2022,10,I,5660,703
30,07/18/2022,10,O,4185,578
30,07/18/2022,11,I,5050,731
30,07/18/2022,11,O,4463,675
30,07/18/2022,12,I,4992,721
30,07/18/2022,12,O,4420,622
30,07/18/2022,13,I,4524,701
30,07/18/2022,13,O,5252,767
30,07/18/2022,14,I,4734,673
30,07/18/2022,14,O,5938,744
30,07/18/2022,15,I,4893,765
30,07/18/2022,15,O,7266,793
30,07/18/2022,16,I,4835,712
30,07/18/2022,16,O,7619,742
30,07/18/2022,17,I,4674,599
30,07/18/2022,17,O,7671,744
30,07/18/2022,18,I,5010,661
30,07/18/2022,18,O,6936,712
30,07/18/2022,19,I,4315,644
30,07/18/2022,19,O,5636,695
30,07/18/2022,20,I,3344,534
30,07/18/2022,20,O,4177,618
30,07/18/2022,21,I,2932,534
30,07/18/2022,21,O,3229,436
30,07/18/2022,22,I,2602,414
30,07/18/2022,22,O,2713,351
30,07/18/2022,23,I,1950,321
30,07/18/2022,23,O,2143,291
21,07/17/2022,0,I,4398,942
21,07/17/2022,1,I,2292,538
21,07/17/2022,2,I,1529,407
21,07/17/2022,3,I,1351,304
21,07/17/2022,4,I,1512,394
21,07/17/2022,5,I,1597,300
21,07/17/2022,6,I,2346,391
21,07/17/2022,7,I,2570,526
21,07/17/2022,8,I,3288,660
21,07/17/2022,9,I,4266,793
21,07/17/2022,10,I,5405,1054
21,07/17/2022,11,I,6169,1271
21,07/17/2022,12,I,5864,1251
21,07/17/2022,13,I,6049,1259
21,07/17/2022,14,I,6491,1302
21,07/17/2022,15,I,7264,1484
21,07/17/2022,16,I,6925,1386
21,07/17/2022,17,I,6786,1366
21,07/17/2022,18,I,6841,1393
21,07/17/2022,19,I,6403,1169
21,07/17/2022,20,I,5997,1052
21,07/17/2022,21,I,5520,1051
21,07/17/2022,22,I,4757,893
21,07/17/2022,23,I,3250,630
22,07/17/2022,0,O,1213,298
22,07/17/2022,1,O,647,170
22,07/17/2022,2,O,458,101
22,07/17/2022,3,O,390,102
22,07/17/2022,4,O,531,108
22,07/17/2022,5,O,558,74
22,07/17/2022,6,O,683,80
22,07/17/2022,7,O,875,108
22,07/17/2022,8,O,936,163
22,07/17/2022,9,O,1226,213
22,07/17/2022,10,O,1727,280
22,07/17/2022,11,O,2017,344
22,07/17/2022,12,O,2124,368
22,07/17/2022,13,O,2121,358
22,07/17/2022,14,O,2419,452
22,07/17/2022,15,O,2474,458
22,07/17/2022,16,O,2247,411
22,07/17/2022,17,O,2133,422
22,07/17/2022,18,O,1938,388
22,07/17/2022,19,O,2066,412
22,07/17/2022,20,O,1890,381
22,07/17/2022,21,O,1688,365
22,07/17/2022,22,O,1720,328
22,07/17/2022,23,O,1098,222
23,07/17/2022,0,I,3137,793
23,07/17/2022,0,O,1774,429
23,07/17/2022,1,I,1500,446
23,07/17/2022,1,O,1146,342
23,07/17/2022,2,I,882,285
23,07/17/2022,2,O,831,222
23,07/17/2022,3,I,718,189
23,07/17/2022,3,O,769,187
23,07/17/2022,4,I,712,212
23,07/17/2022,4,O,919,218
23,07/17/2022,5,I,965,221
23,07/17/2022,5,O,1160,228
23,07/17/2022,6,I,2105,355
23,07/17/2022,6,O,1426,290
23,07/17/2022,7,I,2487,508
23,07/17/2022,7,O,1768,346
23,07/17/2022,8,I,3160,558
23,07/17/2022,8,O,2145,396
23,07/17/2022,9,I,3461,629
23,07/17/2022,9,O,2583,573
23,07/17/2022,10,I,3588,762
23,07/17/2022,10,O,3057,700
23,07/17/2022,11,I,3805,756
23,07/17/2022,11,O,3319,685
23,07/17/2022,12,I,3780,767
23,07/17/2022,12,O,3311,794
23,07/17/2022,13,I,3737,759
23,07/17/2022,13,O,3637,831
23,07/17/2022,14,I,3645,824
23,07/17/2022,14,O,3165,726
23,07/17/2022,15,I,3683,820
23,07/17/2022,15,O,3502,795
23,07/17/2022,16,I,3757,754
23,07/17/2022,16,O,3368,747
23,07/17/2022,17,I,3784,781
23,07/17/2022,17,O,3703,824
23,07/17/2022,18,I,3627,803
23,07/17/2022,18,O,3739,776
23,07/17/2022,19,I,3644,795
23,07/17/2022,19,O,3792,749
23,07/17/2022,20,I,3520,746
23,07/17/2022,20,O,3584,777
23,07/17/2022,21,I,3178,722
23,07/17/2022,21,O,3346,692
23,07/17/2022,22,I,2592,618
23,07/17/2022,22,O,2682,585
23,07/17/2022,23,I,1745,419
23,07/17/2022,23,O,1858,429
24,07/17/2022,0,I,271,66
24,07/17/2022,0,O,719,183
24,07/17/2022,1,I,154,38
24,07/17/2022,1,O,343,89
24,07/17/2022,2,I,69,31
24,07/17/2022,2,O,202,55
24,07/17/2022,3,I,50,19
24,07/17/2022,3,O,124,41
24,07/17/2022,4,I,76,5
24,07/17/2022,4,O,88,31
24,07/17/2022,5,I,139,15
24,07/17/2022,5,O,101,18
24,07/17/2022,6,I,369,40
24,07/17/2022,6,O,156,31
24,07/17/2022,7,I,420,57
24,07/17/2022,7,O,275,42
24,07/17/2022,8,I,593,93
24,07/17/2022,8,O,425,55
24,07/17/2022,9,I,918,138
24,07/17/2022,9,O,621,90
24,07/17/2022,10,I,1621,284
24,07/17/2022,10,O,1021,148
24,07/17/2022,11,I,2238,389
24,07/17/2022,11,O,1280,207
24,07/17/2022,12,I,2508,416
24,07/17/2022,12,O,1426,212
24,07/17/2022,13,I,2604,496
24,07/17/2022,13,O,1550,243
24,07/17/2022,14,I,2506,420
24,07/17/2022,14,O,1634,280
24,07/17/2022,15,I,2643,498
24,07/17/2022,15,O,1950,337
24,07/17/2022,16,I,2565,487
24,07/17/2022,16,O,1983,340
24,07/17/2022,17,I,2491,454
24,07/17/2022,17,O,1791,340
24,07/17/2022,18,I,2398,433
24,07/17/2022,18,O,1638,320
24,07/17/2022,19,I,2138,391
24,07/17/2022,19,O,1309,235
24,07/17/2022,20,I,1575,284
24,07/17/2022,20,O,1290,259
24,07/17/2022,21,I,1260,238
24,07/17/2022,21,O,1147,212
24,07/17/2022,22,I,593,110
24,07/17/2022,22,O,944,193
24,07/17/2022,23,I,217,48
24,07/17/2022,23,O,477,122
25,07/17/2022,0,I,212,38
25,07/17/2022,0,O,167,27
25,07/17/2022,1,I,140,23
25,07/17/2022,1,O,92,16
25,07/17/2022,2,I,70,8
25,07/17/2022,2,O,53,15
25,07/17/2022,3,I,50,9
25,07/17/2022,3,O,44,5
25,07/17/2022,4,I,47,12
25,07/17/2022,4,O,47,8
25,07/17/2022,5,I,90,7
25,07/17/2022,5,O,92,6
25,07/17/2022,6,I,130,22
25,07/17/2022,6,O,189,15
25,07/17/2022,7,I,202,24
25,07/17/2022,7,O,229,23
25,07/17/2022,8,I,292,45
25,07/17/2022,8,O,339,39
25,07/17/2022,9,I,584,56
25,07/17/2022,9,O,388,42
25,07/17/2022,10,I,833,115
25,07/17/2022,10,O,459,54
25,07/17/2022,11,I,1001,132
25,07/17/2022,11,O,569,56
25,07/17/2022,12,I,1127,191
25,07/17/2022,12,O,629,59
25,07/17/2022,13,I,1041,206
25,07/17/2022,13,O,597,73
25,07/17/2022,14,I,1015,191
25,07/17/2022,14,O,667,83
25,07/17/2022,15,I,816,142
25,07/17/2022,15,O,774,101
25,07/17/2022,16,I,668,103
25,07/17/2022,16,O,898,132
25,07/17/2022,17,I,508,101
25,07/17/2022,17,O,1121,177
25,07/17/2022,18,I,492,68
25,07/17/2022,18,O,904,135
25,07/17/2022,19,I,392,55
25,07/17/2022,19,O,962,135
25,07/17/2022,20,I,370,50
25,07/17/2022,20,O,719,88
25,07/17/2022,21,I,385,71
25,07/17/2022,21,O,491,56
25,07/17/2022,22,I,414,82
25,07/17/2022,22,O,309,51
25,07/17/2022,23,I,189,32
25,07/17/2022,23,O,163,18
26,07/17/2022,0,I,256,46
26,07/17/2022,0,O,157,36
26,07/17/2022,1,I,148,27
26,07/17/2022,1,O,101,27
26,07/17/2022,2,I,100,26
26,07/17/2022,2,O,89,23
26,07/17/2022,3,I,91,18
26,07/17/2022,3,O,88,15
26,07/17/2022,4,I,89,14
26,07/17/2022,4,O,88,13
26,07/17/2022,5,I,85,13
26,07/17/2022,5,O,111,19
26,07/17/2022,6,I,141,30
26,07/17/2022,6,O,177,22
26,07/17/2022,7,I,178,26
26,07/17/2022,7,O,238,26
26,07/17/2022,8,I,304,37
26,07/17/2022,8,O,314,37
26,07/17/2022,9,I,474,71
26,07/17/2022,9,O,424,47
26,07/17/2022,10,I,575,84
26,07/17/2022,10,O,452,73
26,07/17/2022,11,I,661,101
26,07/17/2022,11,O,553,64
26,07/17/2022,12,I,658,140
26,07/17/2022,12,O,538,99
26,07/17/2022,13,I,650,142
26,07/17/2022,13,O,616,99
26,07/17/2022,14,I,612,110
26,07/17/2022,14,O,714,119
26,07/17/2022,15,I,588,93
26,07/17/2022,15,O,712,147
26,07/17/2022,16,I,598,101
26,07/17/2022,16,O,748,157
26,07/17/2022,17,I,465,83
26,07/17/2022,17,O,766,171
26,07/17/2022,18,I,498,90
26,07/17/2022,18,O,687,130
26,07/17/2022,19,I,445,64
26,07/17/2022,19,O,701,154
26,07/17/2022,20,I,394,46
26,07/17/2022,20,O,586,140
26,07/17/2022,21,I,323,49
26,07/17/2022,21,O,446,115
26,07/17/2022,22,I,312,43
26,07/17/2022,22,O,411,92
26,07/17/2022,23,I,276,28
26,07/17/2022,23,O,163,46
27,07/17/2022,0,I,1422,248
27,07/17/2022,0,O,1688,406
27,07/17/2022,1,I,767,118
27,07/17/2022,1,O,1290,210
27,07/17/2022,2,I,554,95
27,07/17/2022,2,O,841,198
27,07/17/2022,3,I,383,71
27,07/17/2022,3,O,735,141
27,07/17/2022,4,I,333,46
27,07/17/2022,4,O,732,126
27,07/17/2022,5,I,321,54
27,07/17/2022,5,O,655,69
27,07/17/2022,6,I,718,94
27,07/17/2022,6,O,640,81
27,07/17/2022,7,I,859,129
27,07/17/2022,7,O,837,78
27,07/17/2022,8,I,1165,168
27,07/17/2022,8,O,944,108
27,07/17/2022,9,I,1471,227
27,07/17/2022,9,O,1073,144
27,07/17/2022,10,I,1793,329
27,07/17/2022,10,O,1298,207
27,07/17/2022,11,I,2065,370
27,07/17/2022,11,O,1263,167
27,07/17/2022,12,I,2153,402
27,07/17/2022,12,O,1368,211
27,07/17/2022,13,I,2140,405
27,07/17/2022,13,O,1720,273
27,07/17/2022,14,I,2235,400
27,07/17/2022,14,O,1674,252
27,07/17/2022,15,I,2268,381
27,07/17/2022,15,O,1985,315
27,07/17/2022,16,I,2339,343
27,07/17/2022,16,O,2002,339
27,07/17/2022,17,I,2231,380
27,07/17/2022,17,O,1930,322
27,07/17/2022,18,I,2282,387
27,07/17/2022,18,O,1975,321
27,07/17/2022,19,I,2070,342
27,07/17/2022,19,O,1900,397
27,07/17/2022,20,I,1953,317
27,07/17/2022,20,O,1672,376
27,07/17/2022,21,I,1864,275
27,07/17/2022,21,O,1609,358
27,07/17/2022,22,I,1839,314
27,07/17/2022,22,O,1528,345
27,07/17/2022,23,I,1092,165
27,07/17/2022,23,O,1169,267
28,07/17/2022,0,I,402,72
28,07/17/2022,0,O,907,141
28,07/17/2022,1,I,172,39
28,07/17/2022,1,O,507,93
28,07/17/2022,2,I,66,32
28,07/17/2022,2,O,229,38
28,07/17/2022,3,I,48,14
28,07/17/2022,3,O,151,33
28,07/17/2022,4,I,64,15
28,07/17/2022,4,O,117,22
28,07/17/2022,5,I,129,31
28,07/17/2022,5,O,87,13
28,07/17/2022,6,I,330,39
28,07/17/2022,6,O,96,8
28,07/17/2022,7,I,367,48
28,07/17/2022,7,O,168,22
28,07/17/2022,8,I,581,80
28,07/17/2022,8,O,286,46
28,07/17/2022,9,I,1023,169
28,07/17/2022,9,O,310,54
28,07/17/2022,10,I,1302,185
28,07/17/2022,10,O,468,79
28,07/17/2022,11,I,1629,254
28,07/17/2022,11,O,655,110
28,07/17/2022,12,I,1786,230
28,07/17/2022,12,O,1147,220
28,07/17/2022,13,I,1813,274
28,07/17/2022,13,O,1170,214
28,07/17/2022,14,I,1867,340
28,07/17/2022,14,O,1297,251
28,07/17/2022,15,I,1856,306
28,07/17/2022,15,O,1488,258
28,07/17/2022,16,I,1692,319
28,07/17/2022,16,O,1590,246
28,07/17/2022,17,I,1573,274
28,07/17/2022,17,O,1538,275
28,07/17/2022,18,I,1389,266
28,07/17/2022,18,O,1551,250
28,07/17/2022,19,I,1092,235
28,07/17/2022,19,O,1762,282
28,07/17/2022,20,I,1080,179
28,07/17/2022,20,O,1679,274
28,07/17/2022,21,I,943,197
28,07/17/2022,21,O,1198,174
28,07/17/2022,22,I,844,189
28,07/17/2022,22,O,959,156
28,07/17/2022,23,I,423,116
28,07/17/2022,23,O,752,110
29,07/17/2022,0,I,724,152
29,07/17/2022,0,O,1578,475
29,07/17/2022,1,I,594,169
29,07/17/2022,1,O,857,273
29,07/17/2022,2,I,473,112
29,07/17/2022,2,O,538,150
29,07/17/2022,3,I,350,88
29,07/17/2022,3,O,358,114
29,07/17/2022,4,I,352,90
29,07/17/2022,4,O,356,86
29,07/17/2022,5,I,551,115
29,07/17/2022,5,O,371,87
29,07/17/2022,6,I,666,128
29,07/17/2022,6,O,684,125
29,07/17/2022,7,I,868,157
29,07/17/2022,7,O,1108,223
29,07/17/2022,8,I,940,198
29,07/17/2022,8,O,1662,253
29,07/17/2022,9,I,2177,419
29,07/17/2022,9,O,2233,410
29,07/17/2022,10,I,2542,473
29,07/17/2022,10,O,2998,552
29,07/17/2022,11,I,2485,493
29,07/17/2022,11,O,2939,521
29,07/17/2022,12,I,2524,550
29,07/17/2022,12,O,3448,589
29,07/17/2022,13,I,2524,523
29,07/17/2022,13,O,3650,734
29,07/17/2022,14,I,2492,496
29,07/17/2022,14,O,3640,737
29,07/17/2022,15,I,2481,501
29,07/17/2022,15,O,3880,820
29,07/17/2022,16,I,2536,523
29,07/17/2022,16,O,3733,809
29,07/17/2022,17,I,2538,513
29,07/17/2022,17,O,3800,820
29,07/17/2022,18,I,2504,511
29,07/17/2022,18,O,3921,780
29,07/17/2022,19,I,2588,511
29,07/17/2022,19,O,3828,807
29,07/17/2022,20,I,2463,458
29,07/17/2022,20,O,3570,764
29,07/17/2022,21,I,2336,449
29,07/17/2022,21,O,2855,608
29,07/17/2022,22,I,1926,382
29,07/17/2022,22,O,2343,522
29,07/17/2022,23,I,1396,301
29,07/17/2022,23,O,1773,412
30,07/17/2022,0,I,2936,589
30,07/17/2022,0,O,3481,550
30,07/17/2022,1,I,1653,350
30,07/17/2022,1,O,2201,412
30,07/17/2022,2,I,1007,227
30,07/17/2022,2,O,1295,271
30,07/17/2022,3,I,774,160
30,07/17/2022,3,O,1011,198
30,07/17/2022,4,I,826,136
30,07/17/2022,4,O,915,216
30,07/17/2022,5,I,1360,151
30,07/17/2022,5,O,1057,199
30,07/17/2022,6,I,2313,228
30,07/17/2022,6,O,1484,232
30,07/17/2022,7,I,2550,312
30,07/17/2022,7,O,2439,336
30,07/17/2022,8,I,3418,347
30,07/17/2022,8,O,3101,471
30,07/17/2022,9,I,4546,504
30,07/17/2022,9,O,3916,592
30,07/17/2022,10,I,5372,642
30,07/17/2022,10,O,4444,670
30,07/17/2022,11,I,5652,785
30,07/17/2022,11,O,4902,735
30,07/17/2022,12,I,5789,907
30,07/17/2022,12,O,5277,760
30,07/17/2022,13,I,5946,885
30,07/17/2022,13,O,5644,849
30,07/17/2022,14,I,5873,897
30,07/17/2022,14,O,5633,846
30,07/17/2022,15,I,5645,895
30,07/17/2022,15,O,5340,826
30,07/17/2022,16,I,5951,886
30,07/17/2022,16,O,5338,793
30,07/17/2022,17,I,6109,949
30,07/17/2022,17,O,5198,771
30,07/17/2022,18,I,6260,908
30,07/17/2022,18,O,5407,833
30,07/17/2022,19,I,6200,1006
30,07/17/2022,19,O,5125,761
30,07/17/2022,20,I,5558,850
30,07/17/2022,20,O,4626,691
30,07/17/2022,21,I,5321,843
30,07/17/2022,21,O,3937,662
30,07/17/2022,22,I,4317,670
30,07/17/2022,22,O,3289,550
30,07/17/2022,23,I,2917,503
30,07/17/2022,23,O,3113,482
21,07/16/2022,0,I,3366,811
21,07/16/2022,1,I,2031,552
21,07/16/2022,2,I,1368,425
21,07/16/2022,3,I,1250,357
21,07/16/2022,4,I,1545,347
21,07/16/2022,5,I,2270,417
21,07/16/2022,6,I,3617,656
21,07/16/2022,7,I,4223,795
21,07/16/2022,8,I,4961,946
21,07/16/2022,9,I,5521,1026
21,07/16/2022,10,I,5680,1187
21,07/16/2022,11,I,6181,1299
21,07/16/2022,12,I,6454,1320
21,07/16/2022,13,I,7020,1510
21,07/16/2022,14,I,6688,1436
21,07/16/2022,15,I,5491,1100
21,07/16/2022,16,I,6069,1301
21,07/16/2022,17,I,6257,1273
21,07/16/2022,18,I,6407,1304
21,07/16/2022,19,I,5876,1191
21,07/16/2022,20,I,4916,1114
21,07/16/2022,21,I,5012,1035
21,07/16/2022,22,I,5109,1072
21,07/16/2022,23,I,4569,917
22,07/16/2022,0,O,963,237
22,07/16/2022,1,O,581,132
22,07/16/2022,2,O,367,101
22,07/16/2022,3,O,353,68
22,07/16/2022,4,O,475,77
22,07/16/2022,5,O,600,79
22,07/16/2022,6,O,752,86
22,07/16/2022,7,O,1067,155
22,07/16/2022,8,O,1402,223
22,07/16/2022,9,O,1913,267
22,07/16/2022,10,O,2193,355
22,07/16/2022,11,O,2354,405
22,07/16/2022,12,O,2285,435
22,07/16/2022,13,O,2115,409
22,07/16/2022,14,O,2223,415
22,07/16/2022,15,O,1654,324
22,07/16/2022,16,O,2487,479
22,07/16/2022,17,O,2265,424
22,07/16/2022,18,O,2807,536
22,07/16/2022,19,O,2297,435
22,07/16/2022,20,O,2022,423
22,07/16/2022,21,O,1755,369
22,07/16/2022,22,O,1885,367
22,07/16/2022,23,O,1438,302
23,07/16/2022,0,I,1935,580
23,07/16/2022,0,O,1392,358
23,07/16/2022,1,I,917,292
23,07/16/2022,1,O,805,233
23,07/16/2022,2,I,661,198
23,07/16/2022,2,O,743,240
23,07/16/2022,3,I,641,162
23,07/16/2022,3,O,763,187
23,07/16/2022,4,I,743,179
23,07/16/2022,4,O,1015,226
23,07/16/2022,5,I,1268,211
23,07/16/2022,5,O,1574,329
23,07/16/2022,6,I,1842,331
23,07/16/2022,6,O,1843,352
23,07/16/2022,7,I,2782,458
23,07/16/2022,7,O,2236,423
23,07/16/2022,8,I,3182,499
23,07/16/2022,8,O,2415,512
23,07/16/2022,9,I,3840,650
23,07/16/2022,9,O,2817,589
23,07/16/2022,10,I,3562,660
23,07/16/2022,10,O,3144,717
23,07/16/2022,11,I,3788,716
23,07/16/2022,11,O,3154,763
23,07/16/2022,12,I,3775,743
23,07/16/2022,12,O,3241,790
23,07/16/2022,13,I,3699,749
23,07/16/2022,13,O,3286,776
23,07/16/2022,14,I,3652,809
23,07/16/2022,14,O,3401,863
23,07/16/2022,15,I,2860,616
23,07/16/2022,15,O,3284,775
23,07/16/2022,16,I,3314,696
23,07/16/2022,16,O,3467,785
23,07/16/2022,17,I,3541,741
23,07/16/2022,17,O,3719,828
23,07/16/2022,18,I,3788,857
23,07/16/2022,18,O,3647,788
23,07/16/2022,19,I,3663,812
23,07/16/2022,19,O,3511,808
23,07/16/2022,20,I,3354,731
23,07/16/2022,20,O,3088,692
23,07/16/2022,21,I,2905,666
23,07/16/2022,21,O,3108,723
23,07/16/2022,22,I,3426,757
23,07/16/2022,22,O,3004,709
23,07/16/2022,23,I,3593,872
23,07/16/2022,23,O,2635,685
24,07/16/2022,0,I,403,131
24,07/16/2022,0,O,552,99
24,07/16/2022,1,I,274,85
24,07/16/2022,1,O,388,95
24,07/16/2022,2,I,117,33
24,07/16/2022,2,O,206,48
24,07/16/2022,3,I,78,18
24,07/16/2022,3,O,124,35
24,07/16/2022,4,I,145,25
24,07/16/2022,4,O,106,31
24,07/16/2022,5,I,337,49
24,07/16/2022,5,O,77,25
24,07/16/2022,6,I,756,119
24,07/16/2022,6,O,182,26
24,07/16/2022,7,I,826,144
24,07/16/2022,7,O,398,54
24,07/16/2022,8,I,1221,188
24,07/16/2022,8,O,666,104
24,07/16/2022,9,I,1663,312
24,07/16/2022,9,O,1172,162
24,07/16/2022,10,I,2159,403
24,07/16/2022,10,O,1546,213
24,07/16/2022,11,I,1983,352
24,07/16/2022,11,O,1874,303
24,07/16/2022,12,I,2231,409
24,07/16/2022,12,O,1719,294
24,07/16/2022,13,I,2382,498
24,07/16/2022,13,O,1785,291
24,07/16/2022,14,I,2409,489
24,07/16/2022,14,O,1659,304
24,07/16/2022,15,I,2065,440
24,07/16/2022,15,O,1921,314
24,07/16/2022,16,I,1986,386
24,07/16/2022,16,O,1917,355
24,07/16/2022,17,I,2251,455
24,07/16/2022,17,O,1711,283
24,07/16/2022,18,I,2324,467
24,07/16/2022,18,O,1349,242
24,07/16/2022,19,I,1754,394
24,07/16/2022,19,O,1345,251
24,07/16/2022,20,I,1038,193
24,07/16/2022,20,O,1271,223
24,07/16/2022,21,I,846,139
24,07/16/2022,21,O,1377,274
24,07/16/2022,22,I,851,175
24,07/16/2022,22,O,1207,228
24,07/16/2022,23,I,648,126
24,07/16/2022,23,O,1357,250
25,07/16/2022,0,I,203,40
25,07/16/2022,0,O,135,17
25,07/16/2022,1,I,115,17
25,07/16/2022,1,O,78,19
25,07/16/2022,2,I,67,13
25,07/16/2022,2,O,51,15
25,07/16/2022,3,I,53,8
25,07/16/2022,3,O,48,7
25,07/16/2022,4,I,76,9
25,07/16/2022,4,O,54,8
25,07/16/2022,5,I,100,12
25,07/16/2022,5,O,159,15
25,07/16/2022,6,I,160,26
25,07/16/2022,6,O,249,21
25,07/16/2022,7,I,231,39
25,07/16/2022,7,O,342,26
25,07/16/2022,8,I,439,59
25,07/16/2022,8,O,441,43
25,07/16/2022,9,I,582,69
25,07/16/2022,9,O,478,43
25,07/16/2022,10,I,840,99
25,07/16/2022,10,O,524,55
25,07/16/2022,11,I,1132,156
25,07/16/2022,11,O,515,57
25,07/16/2022,12,I,1214,217
25,07/16/2022,12,O,550,69
25,07/16/2022,13,I,1117,178
25,07/16/2022,13,O,609,77
25,07/16/2022,14,I,848,183
25,07/16/2022,14,O,634,87
25,07/16/2022,15,I,708,137
25,07/16/2022,15,O,637,82
25,07/16/2022,16,I,627,119
25,07/16/2022,16,O,1013,113
25,07/16/2022,17,I,669,117
25,07/16/2022,17,O,691,93
25,07/16/2022,18,I,573,104
25,07/16/2022,18,O,817,117
25,07/16/2022,19,I,451,69
25,07/16/2022,19,O,713,101
25,07/16/2022,20,I,361,77
25,07/16/2022,20,O,593,79
25,07/16/2022,21,I,352,61
25,07/16/2022,21,O,550,102
25,07/16/2022,22,I,333,45
25,07/16/2022,22,O,440,67
25,07/16/2022,23,I,230,38
25,07/16/2022,23,O,331,34
26,07/16/2022,0,I,219,40
26,07/16/2022,0,O,166,46
26,07/16/2022,1,I,163,40
26,07/16/2022,1,O,81,23
26,07/16/2022,2,I,109,18
26,07/16/2022,2,O,86,19
26,07/16/2022,3,I,76,19
26,07/16/2022,3,O,72,12
26,07/16/2022,4,I,69,19
26,07/16/2022,4,O,82,20
26,07/16/2022,5,I,95,18
26,07/16/2022,5,O,170,24
26,07/16/2022,6,I,180,22
26,07/16/2022,6,O,266,34
26,07/16/2022,7,I,255,34
26,07/16/2022,7,O,352,35
26,07/16/2022,8,I,409,58
26,07/16/2022,8,O,383,44
26,07/16/2022,9,I,526,85
26,07/16/2022,9,O,494,70
26,07/16/2022,10,I,591,99
26,07/16/2022,10,O,504,63
26,07/16/2022,11,I,596,98
26,07/16/2022,11,O,564,75
26,07/16/2022,12,I,655,111
26,07/16/2022,12,O,566,72
26,07/16/2022,13,I,752,128
26,07/16/2022,13,O,575,101
26,07/16/2022,14,I,669,102
26,07/16/2022,14,O,623,119
26,07/16/2022,15,I,557,88
26,07/16/2022,15,O,720,129
26,07/16/2022,16,I,482,66
26,07/16/2022,16,O,834,181
26,07/16/2022,17,I,540,79
26,07/16/2022,17,O,675,116
26,07/16/2022,18,I,485,68
26,07/16/2022,18,O,682,127
26,07/16/2022,19,I,442,82
26,07/16/2022,19,O,643,130
26,07/16/2022,20,I,415,65
26,07/16/2022,20,O,507,127
26,07/16/2022,21,I,371,39
26,07/16/2022,21,O,429,112
26,07/16/2022,22,I,344,54
26,07/16/2022,22,O,392,84
26,07/16/2022,23,I,344,43
26,07/16/2022,23,O,296,63
27,07/16/2022,0,I,1272,213
27,07/16/2022,0,O,1626,315
27,07/16/2022,1,I,636,114
27,07/16/2022,1,O,1110,214
27,07/16/2022,2,I,448,77
27,07/16/2022,2,O,800,179
27,07/16/2022,3,I,451,59
27,07/16/2022,3,O,733,136
27,07/16/2022,4,I,390,57
27,07/16/2022,4,O,711,134
27,07/16/2022,5,I,479,77
27,07/16/2022,5,O,642,93
27,07/16/2022,6,I,1095,150
27,07/16/2022,6,O,754,106
27,07/16/2022,7,I,1243,190
27,07/16/2022,7,O,1023,130
27,07/16/2022,8,I,1677,286
27,07/16/2022,8,O,1181,168
27,07/16/2022,9,I,2115,362
27,07/16/2022,9,O,1415,205
27,07/16/2022,10,I,1946,347
27,07/16/2022,10,O,1391,223
27,07/16/2022,11,I,2143,427
27,07/16/2022,11,O,1519,251
27,07/16/2022,12,I,2130,429
27,07/16/2022,12,O,1527,268
27,07/16/2022,13,I,2118,468
27,07/16/2022,13,O,1542,268
27,07/16/2022,14,I,2200,418
27,07/16/2022,14,O,1657,305
27,07/16/2022,15,I,2060,365
27,07/16/2022,15,O,1995,359
27,07/16/2022,16,I,2125,374
27,07/16/2022,16,O,1746,320
27,07/16/2022,17,I,2223,372
27,07/16/2022,17,O,1509,254
27,07/16/2022,18,I,2281,413
27,07/16/2022,18,O,1209,194
27,07/16/2022,19,I,2205,412
27,07/16/2022,19,O,1288,244
27,07/16/2022,20,I,2040,381
27,07/16/2022,20,O,1157,256
27,07/16/2022,21,I,1807,356
27,07/16/2022,21,O,1364,279
27,07/16/2022,22,I,1846,338
27,07/16/2022,22,O,1566,318
27,07/16/2022,23,I,1906,379
27,07/16/2022,23,O,1771,390
28,07/16/2022,0,I,430,88
28,07/16/2022,0,O,705,117
28,07/16/2022,1,I,203,30
28,07/16/2022,1,O,362,61
28,07/16/2022,2,I,129,30
28,07/16/2022,2,O,302,50
28,07/16/2022,3,I,57,15
28,07/16/2022,3,O,197,31
28,07/16/2022,4,I,86,25
28,07/16/2022,4,O,149,18
28,07/16/2022,5,I,244,35
28,07/16/2022,5,O,121,15
28,07/16/2022,6,I,683,91
28,07/16/2022,6,O,127,20
28,07/16/2022,7,I,960,121
28,07/16/2022,7,O,236,43
28,07/16/2022,8,I,1243,161
28,07/16/2022,8,O,420,64
28,07/16/2022,9,I,1447,226
28,07/16/2022,9,O,577,90
28,07/16/2022,10,I,1742,224
28,07/16/2022,10,O,893,146
28,07/16/2022,11,I,1824,304
28,07/16/2022,11,O,1055,207
28,07/16/2022,12,I,1829,285
28,07/16/2022,12,O,1240,202
28,07/16/2022,13,I,1875,307
28,07/16/2022,13,O,1322,211
28,07/16/2022,14,I,1974,336
28,07/16/2022,14,O,1397,243
28,07/16/2022,15,I,1865,278
28,07/16/2022,15,O,1379,230
28,07/16/2022,16,I,1785,325
28,07/16/2022,16,O,1565,325
28,07/16/2022,17,I,1770,323
28,07/16/2022,17,O,1455,244
28,07/16/2022,18,I,1768,311
28,07/16/2022,18,O,1179,225
28,07/16/2022,19,I,1612,276
28,07/16/2022,19,O,1269,202
28,07/16/2022,20,I,1271,271
28,07/16/2022,20,O,958,200
28,07/16/2022,21,I,1343,232
28,07/16/2022,21,O,1239,186
28,07/16/2022,22,I,1065,200
28,07/16/2022,22,O,1125,169
28,07/16/2022,23,I,804,136
28,07/16/2022,23,O,1184,192
29,07/16/2022,0,I,879,183
29,07/16/2022,0,O,1285,348
29,07/16/2022,1,I,504,121
29,07/16/2022,1,O,765,213
29,07/16/2022,2,I,356,102
29,07/16/2022,2,O,492,146
29,07/16/2022,3,I,295,80
29,07/16/2022,3,O,406,116
29,07/16/2022,4,I,530,126
29,07/16/2022,4,O,480,113
29,07/16/2022,5,I,1286,239
29,07/16/2022,5,O,620,103
29,07/16/2022,6,I,2139,379
29,07/16/2022,6,O,1200,185
29,07/16/2022,7,I,2179,438
29,07/16/2022,7,O,1852,314
29,07/16/2022,8,I,2491,436
29,07/16/2022,8,O,2461,428
29,07/16/2022,9,I,2439,420
29,07/16/2022,9,O,3130,609
29,07/16/2022,10,I,2239,427
29,07/16/2022,10,O,3541,670
29,07/16/2022,11,I,2302,455
29,07/16/2022,11,O,3671,649
29,07/16/2022,12,I,2349,475
29,07/16/2022,12,O,3711,717
29,07/16/2022,13,I,2363,474
29,07/16/2022,13,O,3555,689
29,07/16/2022,14,I,2307,450
29,07/16/2022,14,O,3415,755
29,07/16/2022,15,I,1846,369
29,07/16/2022,15,O,3272,683
29,07/16/2022,16,I,2437,505
29,07/16/2022,16,O,3787,835
29,07/16/2022,17,I,2414,595
29,07/16/2022,17,O,3837,776
29,07/16/2022,18,I,2453,653
29,07/16/2022,18,O,3546,727
29,07/16/2022,19,I,2401,552
29,07/16/2022,19,O,3244,720
29,07/16/2022,20,I,2243,451
29,07/16/2022,20,O,2897,659
29,07/16/2022,21,I,2236,435
29,07/16/2022,21,O,2032,424
29,07/16/2022,22,I,973,200
29,07/16/2022,22,O,2051,469
29,07/16/2022,23,I,807,183
29,07/16/2022,23,O,2139,607
30,07/16/2022,0,I,1802,382
30,07/16/2022,0,O,2481,388
30,07/16/2022,1,I,1265,285
30,07/16/2022,1,O,2074,321
30,07/16/2022,2,I,954,220
30,07/16/2022,2,O,1300,230
30,07/16/2022,3,I,889,210
30,07/16/2022,3,O,1019,196
30,07/16/2022,4,I,1305,181
30,07/16/2022,4,O,1082,193
30,07/16/2022,5,I,2518,275
30,07/16/2022,5,O,1532,257
30,07/16/2022,6,I,3627,372
30,07/16/2022,6,O,2440,333
30,07/16/2022,7,I,3957,430
30,07/16/2022,7,O,3669,539
30,07/16/2022,8,I,4740,508
30,07/16/2022,8,O,4805,680
30,07/16/2022,9,I,5438,631
30,07/16/2022,9,O,5067,750
30,07/16/2022,10,I,5465,710
30,07/16/2022,10,O,5107,813
30,07/16/2022,11,I,5242,735
30,07/16/2022,11,O,5435,824
30,07/16/2022,12,I,5398,904
30,07/16/2022,12,O,5507,792
30,07/16/2022,13,I,5130,833
30,07/16/2022,13,O,5709,801
30,07/16/2022,14,I,4884,778
30,07/16/2022,14,O,5838,831
30,07/16/2022,15,I,5738,905
30,07/16/2022,15,O,5716,850
30,07/16/2022,16,I,5552,911
30,07/16/2022,16,O,5886,863
30,07/16/2022,17,I,5704,951
30,07/16/2022,17,O,5717,826
30,07/16/2022,18,I,5888,963
30,07/16/2022,18,O,5502,887
30,07/16/2022,19,I,5715,1055
30,07/16/2022,19,O,5198,791
30,07/16/2022,20,I,5225,950
30,07/16/2022,20,O,4539,686
30,07/16/2022,21,I,4767,828
30,07/16/2022,21,O,4124,650
30,07/16/2022,22,I,4495,730
30,07/16/2022,22,O,4138,597
30,07/16/2022,23,I,3713,628
30,07/16/2022,23,O,4197,598
21,07/15/2022,0,I,2113,498
21,07/15/2022,1,I,1368,320
21,07/15/2022,2,I,849,216
21,07/15/2022,3,I,953,205
21,07/15/2022,4,I,1738,327
21,07/15/2022,5,I,4344,648
21,07/15/2022,6,I,7804,1224
21,07/15/2022,7,I,7973,1319
21,07/15/2022,8,I,7117,1260
21,07/15/2022,9,I,6868,1281
21,07/15/2022,10,I,6246,1159
21,07/15/2022,11,I,6150,1264
21,07/15/2022,12,I,6423,1298
21,07/15/2022,13,I,7093,1370
21,07/15/2022,14,I,6407,1256
21,07/15/2022,15,I,6661,1278
21,07/15/2022,16,I,7196,1367
21,07/15/2022,17,I,6795,1355
21,07/15/2022,18,I,6557,1322
21,07/15/2022,19,I,6241,1264
21,07/15/2022,20,I,5043,1109
21,07/15/2022,21,I,4558,973
21,07/15/2022,22,I,4346,1017
21,07/15/2022,23,I,3940,876
22,07/15/2022,0,O,903,166
22,07/15/2022,1,O,407,95
22,07/15/2022,2,O,239,64
22,07/15/2022,3,O,274,59
22,07/15/2022,4,O,548,90
22,07/15/2022,5,O,1097,109
22,07/15/2022,6,O,1359,174
22,07/15/2022,7,O,1672,262
22,07/15/2022,8,O,1678,230
22,07/15/2022,9,O,2246,313
22,07/15/2022,10,O,2564,427
22,07/15/2022,11,O,2568,435
22,07/15/2022,12,O,2275,440
22,07/15/2022,13,O,2468,451
22,07/15/2022,14,O,2033,393
22,07/15/2022,15,O,2227,395
22,07/15/2022,16,O,2640,451
22,07/15/2022,17,O,2447,389
22,07/15/2022,18,O,2196,428
22,07/15/2022,19,O,2213,442
22,07/15/2022,20,O,1887,358
22,07/15/2022,21,O,1553,324
22,07/15/2022,22,O,1500,292
22,07/15/2022,23,O,1267,267
23,07/15/2022,0,I,1092,266
23,07/15/2022,0,O,1310,334
23,07/15/2022,1,I,677,162
23,07/15/2022,1,O,753,234
23,07/15/2022,2,I,479,138
23,07/15/2022,2,O,656,202
23,07/15/2022,3,I,495,119
23,07/15/2022,3,O,767,188
23,07/15/2022,4,I,774,165
23,07/15/2022,4,O,1166,235
23,07/15/2022,5,I,1751,272
23,07/15/2022,5,O,2794,480
23,07/15/2022,6,I,3068,417
23,07/15/2022,6,O,3823,653
23,07/15/2022,7,I,3735,548
23,07/15/2022,7,O,3403,623
23,07/15/2022,8,I,3664,545
23,07/15/2022,8,O,3177,657
23,07/15/2022,9,I,3657,564
23,07/15/2022,9,O,3049,658
23,07/15/2022,10,I,3749,659
23,07/15/2022,10,O,3042,650
23,07/15/2022,11,I,3399,668
23,07/15/2022,11,O,3383,787
23,07/15/2022,12,I,3521,725
23,07/15/2022,12,O,3448,748
23,07/15/2022,13,I,3629,758
23,07/15/2022,13,O,3602,785
23,07/15/2022,14,I,3878,701
23,07/15/2022,14,O,3756,821
23,07/15/2022,15,I,3833,770
23,07/15/2022,15,O,3183,689
23,07/15/2022,16,I,3359,576
23,07/15/2022,16,O,1634,312
23,07/15/2022,17,I,3934,668
23,07/15/2022,17,O,3398,667
23,07/15/2022,18,I,3657,720
23,07/15/2022,18,O,3761,789
23,07/15/2022,19,I,3406,714
23,07/15/2022,19,O,3540,749
23,07/15/2022,20,I,2828,574
23,07/15/2022,20,O,3017,617
23,07/15/2022,21,I,2374,523
23,07/15/2022,21,O,2936,701
23,07/15/2022,22,I,2733,644
23,07/15/2022,22,O,2220,534
23,07/15/2022,23,I,2381,565
23,07/15/2022,23,O,2052,528
24,07/15/2022,0,I,237,53
24,07/15/2022,0,O,330,56
24,07/15/2022,1,I,123,33
24,07/15/2022,1,O,220,45
24,07/15/2022,2,I,61,13
24,07/15/2022,2,O,124,17
24,07/15/2022,3,I,53,15
24,07/15/2022,3,O,65,23
24,07/15/2022,4,I,160,23
24,07/15/2022,4,O,55,15
24,07/15/2022,5,I,769,100
24,07/15/2022,5,O,141,21
24,07/15/2022,6,I,1864,271
24,07/15/2022,6,O,448,45
24,07/15/2022,7,I,1981,267
24,07/15/2022,7,O,905,115
24,07/15/2022,8,I,2486,401
24,07/15/2022,8,O,1439,185
24,07/15/2022,9,I,2191,364
24,07/15/2022,9,O,1406,198
24,07/15/2022,10,I,1911,377
24,07/15/2022,10,O,1384,207
24,07/15/2022,11,I,2003,402
24,07/15/2022,11,O,1598,236
24,07/15/2022,12,I,2003,374
24,07/15/2022,12,O,1616,328
24,07/15/2022,13,I,2092,394
24,07/15/2022,13,O,1939,314
24,07/15/2022,14,I,2491,514
24,07/15/2022,14,O,2164,335
24,07/15/2022,15,I,2567,484
24,07/15/2022,15,O,2463,375
24,07/15/2022,16,I,2645,532
24,07/15/2022,16,O,2285,340
24,07/15/2022,17,I,2522,509
24,07/15/2022,17,O,2409,390
24,07/15/2022,18,I,2372,430
24,07/15/2022,18,O,2067,323
24,07/15/2022,19,I,2019,438
24,07/15/2022,19,O,1499,245
24,07/15/2022,20,I,1346,272
24,07/15/2022,20,O,1238,237
24,07/15/2022,21,I,807,171
24,07/15/2022,21,O,874,170
24,07/15/2022,22,I,651,150
24,07/15/2022,22,O,1032,198
24,07/15/2022,23,I,515,136
24,07/15/2022,23,O,1082,214
25,07/15/2022,0,I,146,16
25,07/15/2022,0,O,83,16
25,07/15/2022,1,I,71,10
25,07/15/2022,1,O,54,14
25,07/15/2022,2,I,41,14
25,07/15/2022,2,O,39,9
25,07/15/2022,3,I,39,5
25,07/15/2022,3,O,40,6
25,07/15/2022,4,I,65,9
25,07/15/2022,4,O,112,6
25,07/15/2022,5,I,161,24
25,07/15/2022,5,O,345,20
25,07/15/2022,6,I,319,47
25,07/15/2022,6,O,512,37
25,07/15/2022,7,I,371,66
25,07/15/2022,7,O,790,57
25,07/15/2022,8,I,507,60
25,07/15/2022,8,O,738,63
25,07/15/2022,9,I,602,75
25,07/15/2022,9,O,724,54
25,07/15/2022,10,I,739,99
25,07/15/2022,10,O,623,59
25,07/15/2022,11,I,880,131
25,07/15/2022,11,O,579,71
25,07/15/2022,12,I,1003,152
25,07/15/2022,12,O,622,67
25,07/15/2022,13,I,1067,150
25,07/15/2022,13,O,678,80
25,07/15/2022,14,I,1088,133
25,07/15/2022,14,O,673,88
25,07/15/2022,15,I,1004,186
25,07/15/2022,15,O,773,93
25,07/15/2022,16,I,1073,162
25,07/15/2022,16,O,905,121
25,07/15/2022,17,I,1017,145
25,07/15/2022,17,O,841,106
25,07/15/2022,18,I,800,117
25,07/15/2022,18,O,782,104
25,07/15/2022,19,I,687,93
25,07/15/2022,19,O,664,75
25,07/15/2022,20,I,413,76
25,07/15/2022,20,O,602,77
25,07/15/2022,21,I,362,49
25,07/15/2022,21,O,468,59
25,07/15/2022,22,I,289,45
25,07/15/2022,22,O,338,51
25,07/15/2022,23,I,279,47
25,07/15/2022,23,O,239,46
26,07/15/2022,0,I,160,44
26,07/15/2022,0,O,107,24
26,07/15/2022,1,I,100,29
26,07/15/2022,1,O,68,19
26,07/15/2022,2,I,61,19
26,07/15/2022,2,O,50,16
26,07/15/2022,3,I,48,8
26,07/15/2022,3,O,64,13
26,07/15/2022,4,I,80,17
26,07/15/2022,4,O,166,22
26,07/15/2022,5,I,160,22
26,07/15/2022,5,O,424,55
26,07/15/2022,6,I,302,49
26,07/15/2022,6,O,637,68
26,07/15/2022,7,I,372,68
26,07/15/2022,7,O,684,99
26,07/15/2022,8,I,485,85
26,07/15/2022,8,O,677,98
26,07/15/2022,9,I,548,100
26,07/15/2022,9,O,592,95
26,07/15/2022,10,I,583,110
26,07/15/2022,10,O,542,86
26,07/15/2022,11,I,662,129
26,07/15/2022,11,O,572,80
26,07/15/2022,12,I,711,123
26,07/15/2022,12,O,627,110
26,07/15/2022,13,I,739,115
26,07/15/2022,13,O,671,117
26,07/15/2022,14,I,799,107
26,07/15/2022,14,O,677,137
26,07/15/2022,15,I,776,125
26,07/15/2022,15,O,802,175
26,07/15/2022,16,I,796,118
26,07/15/2022,16,O,862,150
26,07/15/2022,17,I,636,87
26,07/15/2022,17,O,830,142
26,07/15/2022,18,I,789,111
26,07/15/2022,18,O,698,152
26,07/15/2022,19,I,610,103
26,07/15/2022,19,O,621,102
26,07/15/2022,20,I,508,83
26,07/15/2022,20,O,500,99
26,07/15/2022,21,I,441,49
26,07/15/2022,21,O,425,89
26,07/15/2022,22,I,353,51
26,07/15/2022,22,O,341,81
26,07/15/2022,23,I,310,57
26,07/15/2022,23,O,248,49
27,07/15/2022,0,I,791,100
27,07/15/2022,0,O,1046,165
27,07/15/2022,1,I,403,60
27,07/15/2022,1,O,711,129
27,07/15/2022,2,I,346,51
27,07/15/2022,2,O,500,87
27,07/15/2022,3,I,195,24
27,07/15/2022,3,O,439,82
27,07/15/2022,4,I,354,67
27,07/15/2022,4,O,663,67
27,07/15/2022,5,I,1055,169
27,07/15/2022,5,O,936,108
27,07/15/2022,6,I,2302,325
27,07/15/2022,6,O,1186,160
27,07/15/2022,7,I,2856,412
27,07/15/2022,7,O,1134,181
27,07/15/2022,8,I,2871,506
27,07/15/2022,8,O,1095,179
27,07/15/2022,9,I,2773,442
27,07/15/2022,9,O,1086,174
27,07/15/2022,10,I,2266,365
27,07/15/2022,10,O,1459,240
27,07/15/2022,11,I,2190,408
27,07/15/2022,11,O,1712,274
27,07/15/2022,12,I,2158,418
27,07/15/2022,12,O,2145,406
27,07/15/2022,13,I,2195,386
27,07/15/2022,13,O,2198,366
27,07/15/2022,14,I,2277,416
27,07/15/2022,14,O,2241,374
27,07/15/2022,15,I,2242,409
27,07/15/2022,15,O,2249,432
27,07/15/2022,16,I,2379,359
27,07/15/2022,16,O,2251,348
27,07/15/2022,17,I,2286,392
27,07/15/2022,17,O,2192,324
27,07/15/2022,18,I,2236,414
27,07/15/2022,18,O,1868,286
27,07/15/2022,19,I,2196,409
27,07/15/2022,19,O,1613,255
27,07/15/2022,20,I,1966,380
27,07/15/2022,20,O,1537,253
27,07/15/2022,21,I,1766,326
27,07/15/2022,21,O,1504,265
27,07/15/2022,22,I,1649,328
27,07/15/2022,22,O,1670,297
27,07/15/2022,23,I,1560,232
27,07/15/2022,23,O,1729,349
28,07/15/2022,0,I,166,33
28,07/15/2022,0,O,640,105
28,07/15/2022,1,I,63,16
28,07/15/2022,1,O,246,51
28,07/15/2022,2,I,44,17
28,07/15/2022,2,O,108,21
28,07/15/2022,3,I,40,12
28,07/15/2022,3,O,65,10
28,07/15/2022,4,I,210,21
28,07/15/2022,4,O,64,10
28,07/15/2022,5,I,879,114
28,07/15/2022,5,O,167,24
28,07/15/2022,6,I,2214,258
28,07/15/2022,6,O,477,77
28,07/15/2022,7,I,2675,322
28,07/15/2022,7,O,777,131
28,07/15/2022,8,I,2422,343
28,07/15/2022,8,O,907,159
28,07/15/2022,9,I,2156,266
28,07/15/2022,9,O,844,163
28,07/15/2022,10,I,1969,269
28,07/15/2022,10,O,992,178
28,07/15/2022,11,I,1823,280
28,07/15/2022,11,O,1084,200
28,07/15/2022,12,I,1813,276
28,07/15/2022,12,O,1351,265
28,07/15/2022,13,I,1896,335
28,07/15/2022,13,O,1513,250
28,07/15/2022,14,I,2000,332
28,07/15/2022,14,O,1759,306
28,07/15/2022,15,I,1750,311
28,07/15/2022,15,O,2117,330
28,07/15/2022,16,I,1163,197
28,07/15/2022,16,O,2157,320
28,07/15/2022,17,I,1040,181
28,07/15/2022,17,O,2010,349
28,07/15/2022,18,I,1042,188
28,07/15/2022,18,O,1678,295
28,07/15/2022,19,I,1700,287
28,07/15/2022,19,O,1323,223
28,07/15/2022,20,I,1291,258
28,07/15/2022,20,O,1063,186
28,07/15/2022,21,I,1018,203
28,07/15/2022,21,O,949,163
28,07/15/2022,22,I,886,189
28,07/15/2022,22,O,1047,166
28,07/15/2022,23,I,707,136
28,07/15/2022,23,O,929,139
29,07/15/2022,0,I,722,161
29,07/15/2022,0,O,672,156
29,07/15/2022,1,I,452,105
29,07/15/2022,1,O,410,92
29,07/15/2022,2,I,380,74
29,07/15/2022,2,O,323,71
29,07/15/2022,3,I,426,78
29,07/15/2022,3,O,376,88
29,07/15/2022,4,I,902,150
29,07/15/2022,4,O,724,125
29,07/15/2022,5,I,2568,356
29,07/15/2022,5,O,1290,222
29,07/15/2022,6,I,3608,586
29,07/15/2022,6,O,2121,282
29,07/15/2022,7,I,3163,509
29,07/15/2022,7,O,2386,334
29,07/15/2022,8,I,2886,472
29,07/15/2022,8,O,1927,290
29,07/15/2022,9,I,2768,467
29,07/15/2022,9,O,2143,347
29,07/15/2022,10,I,2284,379
29,07/15/2022,10,O,2033,371
29,07/15/2022,11,I,2269,382
29,07/15/2022,11,O,2222,376
29,07/15/2022,12,I,2544,525
29,07/15/2022,12,O,2169,407
29,07/15/2022,13,I,2002,398
29,07/15/2022,13,O,3056,595
29,07/15/2022,14,I,2202,426
29,07/15/2022,14,O,3665,660
29,07/15/2022,15,I,2369,458
29,07/15/2022,15,O,3970,773
29,07/15/2022,16,I,2468,497
29,07/15/2022,16,O,3992,760
29,07/15/2022,17,I,2523,425
29,07/15/2022,17,O,3977,694
29,07/15/2022,18,I,2336,495
29,07/15/2022,18,O,3988,698
29,07/15/2022,19,I,2405,494
29,07/15/2022,19,O,3555,653
29,07/15/2022,20,I,2114,459
29,07/15/2022,20,O,2801,554
29,07/15/2022,21,I,1933,431
29,07/15/2022,21,O,1764,381
29,07/15/2022,22,I,817,190
29,07/15/2022,22,O,1767,410
29,07/15/2022,23,I,923,189
29,07/15/2022,23,O,1763,422
30,07/15/2022,0,I,1715,350
30,07/15/2022,0,O,2410,331
30,07/15/2022,1,I,1264,227
30,07/15/2022,1,O,1406,229
30,07/15/2022,2,I,931,196
30,07/15/2022,2,O,1036,187
30,07/15/2022,3,I,1080,177
30,07/15/2022,3,O,819,133
30,07/15/2022,4,I,2237,238
30,07/15/2022,4,O,976,156
30,07/15/2022,5,I,5382,457
30,07/15/2022,5,O,1814,259
30,07/15/2022,6,I,7644,641
30,07/15/2022,6,O,3249,467
30,07/15/2022,7,I,6754,678
30,07/15/2022,7,O,4248,568
30,07/15/2022,8,I,6254,596
30,07/15/2022,8,O,4768,578
30,07/15/2022,9,I,5567,598
30,07/15/2022,9,O,4619,635
30,07/15/2022,10,I,4995,625
30,07/15/2022,10,O,4743,705
30,07/15/2022,11,I,4917,753
30,07/15/2022,11,O,5007,745
30,07/15/2022,12,I,4690,793
30,07/15/2022,12,O,5715,763
30,07/15/2022,13,I,4674,696
30,07/15/2022,13,O,6162,885
30,07/15/2022,14,I,4913,746
30,07/15/2022,14,O,6657,764
30,07/15/2022,15,I,5185,785
30,07/15/2022,15,O,7073,850
30,07/15/2022,16,I,5508,773
30,07/15/2022,16,O,7611,831
30,07/15/2022,17,I,5503,810
30,07/15/2022,17,O,7206,822
30,07/15/2022,18,I,5421,818
30,07/15/2022,18,O,6380,801
30,07/15/2022,19,I,5270,872
30,07/15/2022,19,O,5362,724
30,07/15/2022,20,I,4352,801
30,07/15/2022,20,O,5260,771
30,07/15/2022,21,I,3610,666
30,07/15/2022,21,O,4149,648
30,07/15/2022,22,I,3225,643
30,07/15/2022,22,O,3720,574
30,07/15/2022,23,I,2568,581
30,07/15/2022,23,O,3432,471
21,07/14/2022,0,I,2035,421
21,07/14/2022,1,I,1007,279
21,07/14/2022,2,I,714,178
21,07/14/2022,3,I,882,183
21,07/14/2022,4,I,1682,296
21,07/14/2022,5,I,4252,617
21,07/14/2022,6,I,8519,1273
21,07/14/2022,7,I,8448,1383
21,07/14/2022,8,I,6667,1074
21,07/14/2022,9,I,7417,1339
21,07/14/2022,10,I,6915,1235
21,07/14/2022,11,I,6714,1223
21,07/14/2022,12,I,6254,1251
21,07/14/2022,13,I,7157,1355
21,07/14/2022,14,I,7476,1412
21,07/14/2022,15,I,6674,1264
21,07/14/2022,16,I,6627,1150
21,07/14/2022,17,I,6498,1175
21,07/14/2022,18,I,6784,1185
21,07/14/2022,19,I,5162,964
21,07/14/2022,20,I,4488,897
21,07/14/2022,21,I,4383,849
21,07/14/2022,22,I,4083,778
21,07/14/2022,23,I,3285,691
22,07/14/2022,0,O,808,164
22,07/14/2022,1,O,313,78
22,07/14/2022,2,O,226,54
22,07/14/2022,3,O,284,39
22,07/14/2022,4,O,579,93
22,07/14/2022,5,O,1132,113
22,07/14/2022,6,O,1402,144
22,07/14/2022,7,O,1630,219
22,07/14/2022,8,O,1981,263
22,07/14/2022,9,O,1797,296
22,07/14/2022,10,O,1946,288
22,07/14/2022,11,O,2178,356
22,07/14/2022,12,O,1947,358
22,07/14/2022,13,O,2561,458
22,07/14/2022,14,O,2259,371
22,07/14/2022,15,O,2085,358
22,07/14/2022,16,O,2372,447
22,07/14/2022,17,O,2348,420
22,07/14/2022,18,O,2685,460
22,07/14/2022,19,O,2667,412
22,07/14/2022,20,O,2007,387
22,07/14/2022,21,O,1688,311
22,07/14/2022,22,O,1368,221
22,07/14/2022,23,O,1202,262
23,07/14/2022,0,I,1118,277
23,07/14/2022,0,O,1080,236
23,07/14/2022,1,I,731,179
23,07/14/2022,1,O,584,183
23,07/14/2022,2,I,461,146
23,07/14/2022,2,O,500,136
23,07/14/2022,3,I,460,102
23,07/14/2022,3,O,652,147
23,07/14/2022,4,I,754,139
23,07/14/2022,4,O,1264,261
23,07/14/2022,5,I,1823,264
23,07/14/2022,5,O,2652,495
23,07/14/2022,6,I,3155,449
23,07/14/2022,6,O,3701,622
23,07/14/2022,7,I,3659,506
23,07/14/2022,7,O,3968,649
23,07/14/2022,8,I,3829,568
23,07/14/2022,8,O,3848,666
23,07/14/2022,9,I,3560,543
23,07/14/2022,9,O,3466,669
23,07/14/2022,10,I,3654,620
23,07/14/2022,10,O,2705,575
23,07/14/2022,11,I,3609,699
23,07/14/2022,11,O,2866,611
23,07/14/2022,12,I,3600,709
23,07/14/2022,12,O,3347,746
23,07/14/2022,13,I,3229,678
23,07/14/2022,13,O,3500,765
23,07/14/2022,14,I,3500,638
23,07/14/2022,14,O,3267,664
23,07/14/2022,15,I,4020,702
23,07/14/2022,15,O,3662,774
23,07/14/2022,16,I,3963,679
23,07/14/2022,16,O,3818,683
23,07/14/2022,17,I,4021,692
23,07/14/2022,17,O,3815,640
23,07/14/2022,18,I,3891,689
23,07/14/2022,18,O,3581,703
23,07/14/2022,19,I,3838,704
23,07/14/2022,19,O,3317,689
23,07/14/2022,20,I,2907,617
23,07/14/2022,20,O,2874,562
23,07/14/2022,21,I,2385,477
23,07/14/2022,21,O,3305,756
23,07/14/2022,22,I,2391,517
23,07/14/2022,22,O,2751,689
23,07/14/2022,23,I,1710,369
23,07/14/2022,23,O,2647,619
24,07/14/2022,0,I,224,56
24,07/14/2022,0,O,301,71
24,07/14/2022,1,I,68,15
24,07/14/2022,1,O,121,35
24,07/14/2022,2,I,28,10
24,07/14/2022,2,O,68,17
24,07/14/2022,3,I,59,12
24,07/14/2022,3,O,45,15
24,07/14/2022,4,I,148,19
24,07/14/2022,4,O,66,17
24,07/14/2022,5,I,721,71
24,07/14/2022,5,O,154,17
24,07/14/2022,6,I,2335,303
24,07/14/2022,6,O,486,48
24,07/14/2022,7,I,2560,336
24,07/14/2022,7,O,938,124
24,07/14/2022,8,I,2592,380
24,07/14/2022,8,O,1427,164
24,07/14/2022,9,I,2341,410
24,07/14/2022,9,O,1291,182
24,07/14/2022,10,I,2095,389
24,07/14/2022,10,O,1316,190
24,07/14/2022,11,I,1978,373
24,07/14/2022,11,O,1369,210
24,07/14/2022,12,I,1898,363
24,07/14/2022,12,O,1632,261
24,07/14/2022,13,I,2185,411
24,07/14/2022,13,O,1570,263
24,07/14/2022,14,I,2351,402
24,07/14/2022,14,O,2148,341
24,07/14/2022,15,I,2713,446
24,07/14/2022,15,O,2299,342
24,07/14/2022,16,I,2582,457
24,07/14/2022,16,O,2674,381
24,07/14/2022,17,I,2557,386
24,07/14/2022,17,O,2591,390
24,07/14/2022,18,I,2366,379
24,07/14/2022,18,O,2171,292
24,07/14/2022,19,I,1629,329
24,07/14/2022,19,O,2089,282
24,07/14/2022,20,I,1139,214
24,07/14/2022,20,O,1843,317
24,07/14/2022,21,I,833,137
24,07/14/2022,21,O,1309,215
24,07/14/2022,22,I,552,109
24,07/14/2022,22,O,1208,171
24,07/14/2022,23,I,477,104
24,07/14/2022,23,O,805,116
25,07/14/2022,0,I,100,18
25,07/14/2022,0,O,77,17
25,07/14/2022,1,I,75,11
25,07/14/2022,1,O,50,8
25,07/14/2022,2,I,40,6
25,07/14/2022,2,O,23,9
25,07/14/2022,3,I,25,5
25,07/14/2022,3,O,31,7
25,07/14/2022,4,I,56,8
25,07/14/2022,4,O,100,7
25,07/14/2022,5,I,153,15
25,07/14/2022,5,O,378,25
25,07/14/2022,6,I,275,48
25,07/14/2022,6,O,670,40
25,07/14/2022,7,I,377,47
25,07/14/2022,7,O,890,66
25,07/14/2022,8,I,455,67
25,07/14/2022,8,O,902,77
25,07/14/2022,9,I,558,57
25,07/14/2022,9,O,880,93
25,07/14/2022,10,I,648,99
25,07/14/2022,10,O,675,66
25,07/14/2022,11,I,795,125
25,07/14/2022,11,O,598,54
25,07/14/2022,12,I,804,115
25,07/14/2022,12,O,653,88
25,07/14/2022,13,I,948,152
25,07/14/2022,13,O,590,65
25,07/14/2022,14,I,855,119
25,07/14/2022,14,O,712,72
25,07/14/2022,15,I,971,131
25,07/14/2022,15,O,737,93
25,07/14/2022,16,I,929,132
25,07/14/2022,16,O,808,94
25,07/14/2022,17,I,1006,115
25,07/14/2022,17,O,764,91
25,07/14/2022,18,I,967,122
25,07/14/2022,18,O,714,80
25,07/14/2022,19,I,734,113
25,07/14/2022,19,O,433,58
25,07/14/2022,20,I,502,74
25,07/14/2022,20,O,397,58
25,07/14/2022,21,I,432,53
25,07/14/2022,21,O,407,44
25,07/14/2022,22,I,341,36
25,07/14/2022,22,O,252,31
25,07/14/2022,23,I,220,39
25,07/14/2022,23,O,205,28
26,07/14/2022,0,I,165,27
26,07/14/2022,0,O,104,33
26,07/14/2022,1,I,95,26
26,07/14/2022,1,O,58,13
26,07/14/2022,2,I,62,16
26,07/14/2022,2,O,48,14
26,07/14/2022,3,I,39,10
26,07/14/2022,3,O,78,10
26,07/14/2022,4,I,59,11
26,07/14/2022,4,O,157,32
26,07/14/2022,5,I,129,13
26,07/14/2022,5,O,440,58
26,07/14/2022,6,I,296,44
26,07/14/2022,6,O,601,81
26,07/14/2022,7,I,377,69
26,07/14/2022,7,O,765,91
26,07/14/2022,8,I,428,50
26,07/14/2022,8,O,736,89
26,07/14/2022,9,I,544,81
26,07/14/2022,9,O,614,74
26,07/14/2022,10,I,539,128
26,07/14/2022,10,O,540,72
26,07/14/2022,11,I,553,95
26,07/14/2022,11,O,623,95
26,07/14/2022,12,I,628,106
26,07/14/2022,12,O,636,105
26,07/14/2022,13,I,652,110
26,07/14/2022,13,O,736,122
26,07/14/2022,14,I,777,116
26,07/14/2022,14,O,674,133
26,07/14/2022,15,I,843,110
26,07/14/2022,15,O,733,149
26,07/14/2022,16,I,749,85
26,07/14/2022,16,O,728,147
26,07/14/2022,17,I,715,107
26,07/14/2022,17,O,748,126
26,07/14/2022,18,I,676,86
26,07/14/2022,18,O,606,143
26,07/14/2022,19,I,704,98
26,07/14/2022,19,O,500,97
26,07/14/2022,20,I,503,58
26,07/14/2022,20,O,433,81
26,07/14/2022,21,I,376,66
26,07/14/2022,21,O,368,65
26,07/14/2022,22,I,314,46
26,07/14/2022,22,O,292,58
26,07/14/2022,23,I,251,54
26,07/14/2022,23,O,194,52
27,07/14/2022,0,I,731,126
27,07/14/2022,0,O,981,159
27,07/14/2022,1,I,380,45
27,07/14/2022,1,O,558,84
27,07/14/2022,2,I,160,20
27,07/14/2022,2,O,339,69
27,07/14/2022,3,I,158,26
27,07/14/2022,3,O,294,44
27,07/14/2022,4,I,293,63
27,07/14/2022,4,O,599,63
27,07/14/2022,5,I,1073,148
27,07/14/2022,5,O,860,83
27,07/14/2022,6,I,2387,377
27,07/14/2022,6,O,1218,143
27,07/14/2022,7,I,2994,421
27,07/14/2022,7,O,1140,163
27,07/14/2022,8,I,3028,469
27,07/14/2022,8,O,1098,164
27,07/14/2022,9,I,2946,521
27,07/14/2022,9,O,1074,197
27,07/14/2022,10,I,2499,433
27,07/14/2022,10,O,1399,209
27,07/14/2022,11,I,2239,445
27,07/14/2022,11,O,1929,323
27,07/14/2022,12,I,2296,402
27,07/14/2022,12,O,1990,311
27,07/14/2022,13,I,2276,416
27,07/14/2022,13,O,2103,361
27,07/14/2022,14,I,2185,394
27,07/14/2022,14,O,2281,364
27,07/14/2022,15,I,2293,397
27,07/14/2022,15,O,2256,348
27,07/14/2022,16,I,2362,330
27,07/14/2022,16,O,2285,344
27,07/14/2022,17,I,2123,346
27,07/14/2022,17,O,2348,360
27,07/14/2022,18,I,1517,216
27,07/14/2022,18,O,1913,306
27,07/14/2022,19,I,2173,367
27,07/14/2022,19,O,1879,303
27,07/14/2022,20,I,1772,356
27,07/14/2022,20,O,2040,333
27,07/14/2022,21,I,1611,274
27,07/14/2022,21,O,1912,290
27,07/14/2022,22,I,1624,211
27,07/14/2022,22,O,2012,302
27,07/14/2022,23,I,1009,148
27,07/14/2022,23,O,1716,277
28,07/14/2022,0,I,192,31
28,07/14/2022,0,O,610,84
28,07/14/2022,1,I,71,19
28,07/14/2022,1,O,217,35
28,07/14/2022,2,I,24,6
28,07/14/2022,2,O,101,12
28,07/14/2022,3,I,36,6
28,07/14/2022,3,O,52,9
28,07/14/2022,4,I,135,19
28,07/14/2022,4,O,52,6
28,07/14/2022,5,I,922,115
28,07/14/2022,5,O,126,27
28,07/14/2022,6,I,2455,282
28,07/14/2022,6,O,506,83
28,07/14/2022,7,I,2864,321
28,07/14/2022,7,O,742,134
28,07/14/2022,8,I,2849,351
28,07/14/2022,8,O,868,140
28,07/14/2022,9,I,2544,332
28,07/14/2022,9,O,844,171
28,07/14/2022,10,I,1971,257
28,07/14/2022,10,O,1119,191
28,07/14/2022,11,I,1770,266
28,07/14/2022,11,O,1193,185
28,07/14/2022,12,I,1624,252
28,07/14/2022,12,O,1500,225
28,07/14/2022,13,I,1752,332
28,07/14/2022,13,O,1699,235
28,07/14/2022,14,I,1780,282
28,07/14/2022,14,O,1832,303
28,07/14/2022,15,I,1829,276
28,07/14/2022,15,O,2203,349
28,07/14/2022,16,I,1157,200
28,07/14/2022,16,O,2537,331
28,07/14/2022,17,I,1114,175
28,07/14/2022,17,O,2473,333
28,07/14/2022,18,I,1023,173
28,07/14/2022,18,O,2321,324
28,07/14/2022,19,I,1795,302
28,07/14/2022,19,O,1766,260
28,07/14/2022,20,I,1364,210
28,07/14/2022,20,O,1644,262
28,07/14/2022,21,I,1130,178
28,07/14/2022,21,O,1247,191
28,07/14/2022,22,I,1018,177
28,07/14/2022,22,O,988,113
28,07/14/2022,23,I,635,120
28,07/14/2022,23,O,870,132
29,07/14/2022,0,I,507,114
29,07/14/2022,0,O,878,213
29,07/14/2022,1,I,302,60
29,07/14/2022,1,O,532,136
29,07/14/2022,2,I,335,80
29,07/14/2022,2,O,381,112
29,07/14/2022,3,I,412,79
29,07/14/2022,3,O,376,97
29,07/14/2022,4,I,905,139
29,07/14/2022,4,O,641,107
29,07/14/2022,5,I,2627,349
29,07/14/2022,5,O,1392,203
29,07/14/2022,6,I,3878,558
29,07/14/2022,6,O,2469,337
29,07/14/2022,7,I,3176,479
29,07/14/2022,7,O,2003,277
29,07/14/2022,8,I,3179,491
29,07/14/2022,8,O,1988,264
29,07/14/2022,9,I,2538,438
29,07/14/2022,9,O,1905,328
29,07/14/2022,10,I,2094,362
29,07/14/2022,10,O,2431,373
29,07/14/2022,11,I,2045,409
29,07/14/2022,11,O,2233,389
29,07/14/2022,12,I,1927,358
29,07/14/2022,12,O,2230,428
29,07/14/2022,13,I,1885,347
29,07/14/2022,13,O,2313,451
29,07/14/2022,14,I,2065,370
29,07/14/2022,14,O,3349,595
29,07/14/2022,15,I,2238,417
29,07/14/2022,15,O,2831,437
29,07/14/2022,16,I,2475,432
29,07/14/2022,16,O,4065,646
29,07/14/2022,17,I,2482,433
29,07/14/2022,17,O,3976,700
29,07/14/2022,18,I,2455,434
29,07/14/2022,18,O,3508,595
29,07/14/2022,19,I,2324,449
29,07/14/2022,19,O,3080,492
29,07/14/2022,20,I,1986,354
29,07/14/2022,20,O,2296,411
29,07/14/2022,21,I,1788,327
29,07/14/2022,21,O,1288,246
29,07/14/2022,22,I,779,184
29,07/14/2022,22,O,892,208
29,07/14/2022,23,I,796,168
29,07/14/2022,23,O,759,158
30,07/14/2022,0,I,1472,272
30,07/14/2022,0,O,2292,312
30,07/14/2022,1,I,951,192
30,07/14/2022,1,O,1194,209
30,07/14/2022,2,I,779,161
30,07/14/2022,2,O,842,150
30,07/14/2022,3,I,983,132
30,07/14/2022,3,O,676,99
30,07/14/2022,4,I,2268,238
30,07/14/2022,4,O,940,132
30,07/14/2022,5,I,5884,460
30,07/14/2022,5,O,1856,245
30,07/14/2022,6,I,8348,675
30,07/14/2022,6,O,3250,437
30,07/14/2022,7,I,7445,660
30,07/14/2022,7,O,4103,457
30,07/14/2022,8,I,6662,597
30,07/14/2022,8,O,4571,503
30,07/14/2022,9,I,6288,618
30,07/14/2022,9,O,4336,539
30,07/14/2022,10,I,5260,630
30,07/14/2022,10,O,4389,646
30,07/14/2022,11,I,4875,680
30,07/14/2022,11,O,4191,605
30,07/14/2022,12,I,4610,703
30,07/14/2022,12,O,4924,637
30,07/14/2022,13,I,4546,661
30,07/14/2022,13,O,5548,749
30,07/14/2022,14,I,4654,728
30,07/14/2022,14,O,6570,732
30,07/14/2022,15,I,4716,728
30,07/14/2022,15,O,7209,768
30,07/14/2022,16,I,4927,722
30,07/14/2022,16,O,7685,839
30,07/14/2022,17,I,5007,605
30,07/14/2022,17,O,7756,698
30,07/14/2022,18,I,4999,717
30,07/14/2022,18,O,7491,769
30,07/14/2022,19,I,4532,680
30,07/14/2022,19,O,6377,782
30,07/14/2022,20,I,3808,570
30,07/14/2022,20,O,5204,700
30,07/14/2022,21,I,3263,512
30,07/14/2022,21,O,4165,563
30,07/14/2022,22,I,2853,466
30,07/14/2022,22,O,3525,433
30,07/14/2022,23,I,2167,404
30,07/14/2022,23,O,2743,385
21,07/13/2022,0,I,1769,364
21,07/13/2022,1,I,898,216
21,07/13/2022,2,I,660,169
21,07/13/2022,3,I,771,158
21,07/13/2022,4,I,1496,256
21,07/13/2022,5,I,4248,607
21,07/13/2022,6,I,8609,1281
21,07/13/2022,7,I,7990,1281
21,07/13/2022,8,I,6702,1154
21,07/13/2022,9,I,7344,1303
21,07/13/2022,10,I,6150,1089
21,07/13/2022,11,I,6464,1186
21,07/13/2022,12,I,6111,1247
21,07/13/2022,13,I,6229,1220
21,07/13/2022,14,I,6925,1307
21,07/13/2022,15,I,6106,1112
21,07/13/2022,16,I,6449,1085
21,07/13/2022,17,I,6308,1181
21,07/13/2022,18,I,5724,1098
21,07/13/2022,19,I,5305,1068
21,07/13/2022,20,I,4184,849
21,07/13/2022,21,I,3815,778
21,07/13/2022,22,I,3430,690
21,07/13/2022,23,I,3118,650
22,07/13/2022,0,O,862,185
22,07/13/2022,1,O,375,67
22,07/13/2022,2,O,214,59
22,07/13/2022,3,O,254,51
22,07/13/2022,4,O,540,68
22,07/13/2022,5,O,1035,103
22,07/13/2022,6,O,1183,144
22,07/13/2022,7,O,1690,205
22,07/13/2022,8,O,1868,273
22,07/13/2022,9,O,1917,267
22,07/13/2022,10,O,2363,327
22,07/13/2022,11,O,2240,367
22,07/13/2022,12,O,2473,382
22,07/13/2022,13,O,2769,465
22,07/13/2022,14,O,2717,446
22,07/13/2022,15,O,2399,418
22,07/13/2022,16,O,2584,429
22,07/13/2022,17,O,2444,426
22,07/13/2022,18,O,2368,369
22,07/13/2022,19,O,2165,403
22,07/13/2022,20,O,1801,343
22,07/13/2022,21,O,1484,279
22,07/13/2022,22,O,1224,250
22,07/13/2022,23,O,1245,224
23,07/13/2022,0,I,1225,273
23,07/13/2022,0,O,1314,339
23,07/13/2022,1,I,716,191
23,07/13/2022,1,O,720,191
23,07/13/2022,2,I,429,127
23,07/13/2022,2,O,554,149
23,07/13/2022,3,I,469,114
23,07/13/2022,3,O,704,183
23,07/13/2022,4,I,777,147
23,07/13/2022,4,O,1138,211
23,07/13/2022,5,I,1932,265
23,07/13/2022,5,O,2470,401
23,07/13/2022,6,I,3196,419
23,07/13/2022,6,O,3653,601
23,07/13/2022,7,I,3825,583
23,07/13/2022,7,O,3638,562
23,07/13/2022,8,I,4006,548
23,07/13/2022,8,O,3382,608
23,07/13/2022,9,I,3121,459
23,07/13/2022,9,O,1514,270
23,07/13/2022,10,I,3482,636
23,07/13/2022,10,O,3479,712
23,07/13/2022,11,I,3437,670
23,07/13/2022,11,O,3233,695
23,07/13/2022,12,I,2667,499
23,07/13/2022,12,O,3361,715
23,07/13/2022,13,I,3033,612
23,07/13/2022,13,O,3363,740
23,07/13/2022,14,I,3475,678
23,07/13/2022,14,O,2646,579
23,07/13/2022,15,I,3804,683
23,07/13/2022,15,O,3283,665
23,07/13/2022,16,I,3800,674
23,07/13/2022,16,O,3786,728
23,07/13/2022,17,I,3495,573
23,07/13/2022,17,O,3672,647
23,07/13/2022,18,I,3571,612
23,07/13/2022,18,O,3547,683
23,07/13/2022,19,I,3025,596
23,07/13/2022,19,O,3334,628
23,07/13/2022,20,I,2273,469
23,07/13/2022,20,O,2561,496
23,07/13/2022,21,I,2181,484
23,07/13/2022,21,O,2282,567
23,07/13/2022,22,I,2246,520
23,07/13/2022,22,O,2141,458
23,07/13/2022,23,I,1639,394
23,07/13/2022,23,O,1582,418
24,07/13/2022,0,I,152,47
24,07/13/2022,0,O,275,52
24,07/13/2022,1,I,73,9
24,07/13/2022,1,O,120,28
24,07/13/2022,2,I,42,10
24,07/13/2022,2,O,67,22
24,07/13/2022,3,I,44,12
24,07/13/2022,3,O,39,13
24,07/13/2022,4,I,134,18
24,07/13/2022,4,O,39,11
24,07/13/2022,5,I,755,73
24,07/13/2022,5,O,134,18
24,07/13/2022,6,I,2449,296
24,07/13/2022,6,O,445,43
24,07/13/2022,7,I,2795,333
24,07/13/2022,7,O,983,110
24,07/13/2022,8,I,2586,398
24,07/13/2022,8,O,1363,173
24,07/13/2022,9,I,2242,342
24,07/13/2022,9,O,1244,178
24,07/13/2022,10,I,1810,319
24,07/13/2022,10,O,1128,172
24,07/13/2022,11,I,1574,269
24,07/13/2022,11,O,1124,180
24,07/13/2022,12,I,1991,365
24,07/13/2022,12,O,1197,149
24,07/13/2022,13,I,2003,427
24,07/13/2022,13,O,1456,231
24,07/13/2022,14,I,2427,407
24,07/13/2022,14,O,1833,294
24,07/13/2022,15,I,2429,404
24,07/13/2022,15,O,2387,380
24,07/13/2022,16,I,2386,384
24,07/13/2022,16,O,2868,442
24,07/13/2022,17,I,2341,374
24,07/13/2022,17,O,2347,333
24,07/13/2022,18,I,2023,339
24,07/13/2022,18,O,2065,286
24,07/13/2022,19,I,1267,196
24,07/13/2022,19,O,2052,276
24,07/13/2022,20,I,817,142
24,07/13/2022,20,O,1253,174
24,07/13/2022,21,I,535,108
24,07/13/2022,21,O,999,152
24,07/13/2022,22,I,490,108
24,07/13/2022,22,O,940,167
24,07/13/2022,23,I,417,84
24,07/13/2022,23,O,715,133
25,07/13/2022,0,I,107,13
25,07/13/2022,0,O,56,9
25,07/13/2022,1,I,58,8
25,07/13/2022,1,O,33,7
25,07/13/2022,2,I,41,4
25,07/13/2022,2,O,30,6
25,07/13/2022,3,I,40,9
25,07/13/2022,3,O,34,4
25,07/13/2022,4,I,69,11
25,07/13/2022,4,O,97,8
25,07/13/2022,5,I,167,17
25,07/13/2022,5,O,370,20
25,07/13/2022,6,I,344,62
25,07/13/2022,6,O,690,53
25,07/13/2022,7,I,422,70
25,07/13/2022,7,O,914,71
25,07/13/2022,8,I,504,78
25,07/13/2022,8,O,922,73
25,07/13/2022,9,I,617,84
25,07/13/2022,9,O,771,71
25,07/13/2022,10,I,642,97
25,07/13/2022,10,O,662,69
25,07/13/2022,11,I,885,125
25,07/13/2022,11,O,606,66
25,07/13/2022,12,I,955,136
25,07/13/2022,12,O,605,82
25,07/13/2022,13,I,920,138
25,07/13/2022,13,O,622,59
25,07/13/2022,14,I,919,134
25,07/13/2022,14,O,709,72
25,07/13/2022,15,I,1034,170
25,07/13/2022,15,O,830,102
25,07/13/2022,16,I,1084,147
25,07/13/2022,16,O,852,122
25,07/13/2022,17,I,1187,152
25,07/13/2022,17,O,826,83
25,07/13/2022,18,I,1130,134
25,07/13/2022,18,O,755,97
25,07/13/2022,19,I,733,92
25,07/13/2022,19,O,649,95
25,07/13/2022,20,I,543,67
25,07/13/2022,20,O,594,77
25,07/13/2022,21,I,407,47
25,07/13/2022,21,O,478,59
25,07/13/2022,22,I,261,43
25,07/13/2022,22,O,317,43
25,07/13/2022,23,I,215,32
25,07/13/2022,23,O,163,26
26,07/13/2022,0,I,157,24
26,07/13/2022,0,O,69,22
26,07/13/2022,1,I,91,17
26,07/13/2022,1,O,48,13
26,07/13/2022,2,I,51,16
26,07/13/2022,2,O,47,13
26,07/13/2022,3,I,50,11
26,07/13/2022,3,O,71,12
26,07/13/2022,4,I,67,6
26,07/13/2022,4,O,165,26
26,07/13/2022,5,I,157,17
26,07/13/2022,5,O,431,53
26,07/13/2022,6,I,329,46
26,07/13/2022,6,O,687,71
26,07/13/2022,7,I,453,61
26,07/13/2022,7,O,770,77
26,07/13/2022,8,I,483,72
26,07/13/2022,8,O,756,87
26,07/13/2022,9,I,556,97
26,07/13/2022,9,O,614,78
26,07/13/2022,10,I,616,108
26,07/13/2022,10,O,567,88
26,07/13/2022,11,I,704,149
26,07/13/2022,11,O,574,75
26,07/13/2022,12,I,751,135
26,07/13/2022,12,O,620,116
26,07/13/2022,13,I,713,142
26,07/13/2022,13,O,670,92
26,07/13/2022,14,I,804,149
26,07/13/2022,14,O,734,117
26,07/13/2022,15,I,778,125
26,07/13/2022,15,O,761,173
26,07/13/2022,16,I,783,121
26,07/13/2022,16,O,832,184
26,07/13/2022,17,I,796,101
26,07/13/2022,17,O,837,171
26,07/13/2022,18,I,758,128
26,07/13/2022,18,O,725,165
26,07/13/2022,19,I,633,108
26,07/13/2022,19,O,589,127
26,07/13/2022,20,I,561,68
26,07/13/2022,20,O,510,126
26,07/13/2022,21,I,409,57
26,07/13/2022,21,O,408,83
26,07/13/2022,22,I,308,51
26,07/13/2022,22,O,299,66
26,07/13/2022,23,I,230,38
26,07/13/2022,23,O,189,52
27,07/13/2022,0,I,681,97
27,07/13/2022,0,O,1033,186
27,07/13/2022,1,I,310,45
27,07/13/2022,1,O,599,110
27,07/13/2022,2,I,178,29
27,07/13/2022,2,O,350,83
27,07/13/2022,3,I,168,30
27,07/13/2022,3,O,320,66
27,07/13/2022,4,I,404,74
27,07/13/2022,4,O,531,64
27,07/13/2022,5,I,1603,251
27,07/13/2022,5,O,783,96
27,07/13/2022,6,I,2056,340
27,07/13/2022,6,O,1144,124
27,07/13/2022,7,I,2505,372
27,07/13/2022,7,O,1166,163
27,07/13/2022,8,I,2896,434
27,07/13/2022,8,O,1059,158
27,07/13/2022,9,I,3138,471
27,07/13/2022,9,O,1026,195
27,07/13/2022,10,I,2610,413
27,07/13/2022,10,O,1146,180
27,07/13/2022,11,I,2367,372
27,07/13/2022,11,O,1701,262
27,07/13/2022,12,I,2143,393
27,07/13/2022,12,O,1821,315
27,07/13/2022,13,I,2203,354
27,07/13/2022,13,O,1983,312
27,07/13/2022,14,I,2247,397
27,07/13/2022,14,O,2128,352
27,07/13/2022,15,I,2240,350
27,07/13/2022,15,O,2259,370
27,07/13/2022,16,I,2273,341
27,07/13/2022,16,O,2307,374
27,07/13/2022,17,I,2256,329
27,07/13/2022,17,O,2199,372
27,07/13/2022,18,I,2221,322
27,07/13/2022,18,O,1805,292
27,07/13/2022,19,I,1703,325
27,07/13/2022,19,O,1788,257
27,07/13/2022,20,I,1583,243
27,07/13/2022,20,O,1786,272
27,07/13/2022,21,I,1406,210
27,07/13/2022,21,O,1631,246
27,07/13/2022,22,I,1414,213
27,07/13/2022,22,O,1810,311
27,07/13/2022,23,I,1057,164
27,07/13/2022,23,O,1476,277
28,07/13/2022,0,I,173,39
28,07/13/2022,0,O,430,60
28,07/13/2022,1,I,71,10
28,07/13/2022,1,O,141,27
28,07/13/2022,2,I,34,9
28,07/13/2022,2,O,92,21
28,07/13/2022,3,I,43,7
28,07/13/2022,3,O,41,12
28,07/13/2022,4,I,118,14
28,07/13/2022,4,O,53,10
28,07/13/2022,5,I,948,114
28,07/13/2022,5,O,146,35
28,07/13/2022,6,I,2517,312
28,07/13/2022,6,O,597,106
28,07/13/2022,7,I,2795,356
28,07/13/2022,7,O,854,140
28,07/13/2022,8,I,2834,327
28,07/13/2022,8,O,934,148
28,07/13/2022,9,I,2562,343
28,07/13/2022,9,O,880,152
28,07/13/2022,10,I,2034,281
28,07/13/2022,10,O,817,113
28,07/13/2022,11,I,1831,272
28,07/13/2022,11,O,994,153
28,07/13/2022,12,I,1947,271
28,07/13/2022,12,O,1150,192
28,07/13/2022,13,I,1841,326
28,07/13/2022,13,O,1338,193
28,07/13/2022,14,I,1795,306
28,07/13/2022,14,O,1716,267
28,07/13/2022,15,I,1768,287
28,07/13/2022,15,O,2087,307
28,07/13/2022,16,I,1000,164
28,07/13/2022,16,O,2252,333
28,07/13/2022,17,I,680,109
28,07/13/2022,17,O,2449,339
28,07/13/2022,18,I,1059,191
28,07/13/2022,18,O,2361,324
28,07/13/2022,19,I,1285,225
28,07/13/2022,19,O,1716,265
28,07/13/2022,20,I,1023,173
28,07/13/2022,20,O,1236,170
28,07/13/2022,21,I,893,157
28,07/13/2022,21,O,1036,157
28,07/13/2022,22,I,652,133
28,07/13/2022,22,O,921,97
28,07/13/2022,23,I,371,85
28,07/13/2022,23,O,927,123
29,07/13/2022,0,I,427,85
29,07/13/2022,0,O,424,94
29,07/13/2022,1,I,259,48
29,07/13/2022,1,O,348,79
29,07/13/2022,2,I,310,53
29,07/13/2022,2,O,276,48
29,07/13/2022,3,I,411,79
29,07/13/2022,3,O,316,48
29,07/13/2022,4,I,886,137
29,07/13/2022,4,O,663,120
29,07/13/2022,5,I,2667,304
29,07/13/2022,5,O,1755,252
29,07/13/2022,6,I,3744,557
29,07/13/2022,6,O,2480,339
29,07/13/2022,7,I,3389,526
29,07/13/2022,7,O,2299,314
29,07/13/2022,8,I,3411,502
29,07/13/2022,8,O,2062,309
29,07/13/2022,9,I,3515,601
29,07/13/2022,9,O,2531,416
29,07/13/2022,10,I,2284,357
29,07/13/2022,10,O,2153,369
29,07/13/2022,11,I,2149,363
29,07/13/2022,11,O,2096,385
29,07/13/2022,12,I,2293,421
29,07/13/2022,12,O,2044,404
29,07/13/2022,13,I,1952,375
29,07/13/2022,13,O,2221,414
29,07/13/2022,14,I,1799,301
29,07/13/2022,14,O,2923,536
29,07/13/2022,15,I,2338,396
29,07/13/2022,15,O,3949,691
29,07/13/2022,16,I,2511,444
29,07/13/2022,16,O,3879,672
29,07/13/2022,17,I,2379,357
29,07/13/2022,17,O,3778,658
29,07/13/2022,18,I,2406,443
29,07/13/2022,18,O,3355,520
29,07/13/2022,19,I,2213,417
29,07/13/2022,19,O,2955,491
29,07/13/2022,20,I,2069,403
29,07/13/2022,20,O,2366,400
29,07/13/2022,21,I,1761,311
29,07/13/2022,21,O,1645,331
29,07/13/2022,22,I,898,199
29,07/13/2022,22,O,1057,251
29,07/13/2022,23,I,628,178
29,07/13/2022,23,O,1225,270
30,07/13/2022,0,I,1362,198
30,07/13/2022,0,O,1953,291
30,07/13/2022,1,I,959,179
30,07/13/2022,1,O,1048,168
30,07/13/2022,2,I,745,156
30,07/13/2022,2,O,782,129
30,07/13/2022,3,I,988,139
30,07/13/2022,3,O,688,100
30,07/13/2022,4,I,2257,231
30,07/13/2022,4,O,868,131
30,07/13/2022,5,I,6007,461
30,07/13/2022,5,O,1663,219
30,07/13/2022,6,I,8281,676
30,07/13/2022,6,O,3166,384
30,07/13/2022,7,I,7388,661
30,07/13/2022,7,O,4242,460
30,07/13/2022,8,I,6832,589
30,07/13/2022,8,O,4852,531
30,07/13/2022,9,I,6249,603
30,07/13/2022,9,O,4433,559
30,07/13/2022,10,I,5565,628
30,07/13/2022,10,O,4145,562
30,07/13/2022,11,I,4769,631
30,07/13/2022,11,O,4433,667
30,07/13/2022,12,I,4440,635
30,07/13/2022,12,O,4601,560
30,07/13/2022,13,I,4542,671
30,07/13/2022,13,O,4879,582
30,07/13/2022,14,I,4491,682
30,07/13/2022,14,O,6304,722
30,07/13/2022,15,I,4807,705
30,07/13/2022,15,O,7020,780
30,07/13/2022,16,I,4768,715
30,07/13/2022,16,O,7553,795
30,07/13/2022,17,I,4832,614
30,07/13/2022,17,O,7761,732
30,07/13/2022,18,I,5059,654
30,07/13/2022,18,O,7106,729
30,07/13/2022,19,I,4638,685
30,07/13/2022,19,O,5741,716
30,07/13/2022,20,I,3635,535
30,07/13/2022,20,O,4811,620
30,07/13/2022,21,I,3460,547
30,07/13/2022,21,O,3834,514
30,07/13/2022,22,I,2845,419
30,07/13/2022,22,O,3304,419
30,07/13/2022,23,I,2266,373
30,07/13/2022,23,O,2621,357
21,07/12/2022,0,I,1552,365
21,07/12/2022,1,I,783,218
21,07/12/2022,2,I,567,176
21,07/12/2022,3,I,763,157
21,07/12/2022,4,I,1554,260
21,07/12/2022,5,I,4379,581
21,07/12/2022,6,I,8633,1288
21,07/12/2022,7,I,8523,1306
21,07/12/2022,8,I,7252,1155
21,07/12/2022,9,I,7020,1190
21,07/12/2022,10,I,6848,1211
21,07/12/2022,11,I,6237,1251
21,07/12/2022,12,I,6432,1251
21,07/12/2022,13,I,6342,1295
21,07/12/2022,14,I,6898,1340
21,07/12/2022,15,I,6691,1279
21,07/12/2022,16,I,6311,1166
21,07/12/2022,17,I,6100,1071
21,07/12/2022,18,I,5607,1005
21,07/12/2022,19,I,4743,950
21,07/12/2022,20,I,3729,760
21,07/12/2022,21,I,3546,688
21,07/12/2022,22,I,3195,649
21,07/12/2022,23,I,2656,505
22,07/12/2022,0,O,813,187
22,07/12/2022,1,O,345,96
22,07/12/2022,2,O,179,59
22,07/12/2022,3,O,228,58
22,07/12/2022,4,O,496,77
22,07/12/2022,5,O,994,121
22,07/12/2022,6,O,1299,170
22,07/12/2022,7,O,1533,195
22,07/12/2022,8,O,1688,250
22,07/12/2022,9,O,1753,267
22,07/12/2022,10,O,1582,255
22,07/12/2022,11,O,2139,359
22,07/12/2022,12,O,2266,398
22,07/12/2022,13,O,2387,444
22,07/12/2022,14,O,2458,435
22,07/12/2022,15,O,2514,443
22,07/12/2022,16,O,2311,396
22,07/12/2022,17,O,2320,431
22,07/12/2022,18,O,2309,437
22,07/12/2022,19,O,2040,389
22,07/12/2022,20,O,1499,297
22,07/12/2022,21,O,1245,223
22,07/12/2022,22,O,992,170
22,07/12/2022,23,O,945,211
23,07/12/2022,0,I,1095,267
23,07/12/2022,0,O,990,222
23,07/12/2022,1,I,726,207
23,07/12/2022,1,O,665,195
23,07/12/2022,2,I,481,152
23,07/12/2022,2,O,473,153
23,07/12/2022,3,I,463,112
23,07/12/2022,3,O,641,158
23,07/12/2022,4,I,739,150
23,07/12/2022,4,O,1138,273
23,07/12/2022,5,I,1864,286
23,07/12/2022,5,O,2679,445
23,07/12/2022,6,I,3259,420
23,07/12/2022,6,O,3879,597
23,07/12/2022,7,I,3930,529
23,07/12/2022,7,O,3734,609
23,07/12/2022,8,I,3923,551
23,07/12/2022,8,O,3604,607
23,07/12/2022,9,I,3663,535
23,07/12/2022,9,O,3480,702
23,07/12/2022,10,I,3118,538
23,07/12/2022,10,O,3205,689
23,07/12/2022,11,I,3305,652
23,07/12/2022,11,O,2982,592
23,07/12/2022,12,I,2798,547
23,07/12/2022,12,O,2796,639
23,07/12/2022,13,I,2899,578
23,07/12/2022,13,O,3019,677
23,07/12/2022,14,I,3639,678
23,07/12/2022,14,O,3738,753
23,07/12/2022,15,I,3604,646
23,07/12/2022,15,O,3719,773
23,07/12/2022,16,I,3328,555
23,07/12/2022,16,O,3819,695
23,07/12/2022,17,I,3865,636
23,07/12/2022,17,O,3763,623
23,07/12/2022,18,I,3429,603
23,07/12/2022,18,O,3325,667
23,07/12/2022,19,I,2879,535
23,07/12/2022,19,O,3091,558
23,07/12/2022,20,I,2049,431
23,07/12/2022,20,O,2702,546
23,07/12/2022,21,I,2031,390
23,07/12/2022,21,O,2692,586
23,07/12/2022,22,I,2141,480
23,07/12/2022,22,O,2303,559
23,07/12/2022,23,I,1610,323
23,07/12/2022,23,O,1999,445
24,07/12/2022,0,I,126,24
24,07/12/2022,0,O,294,58
24,07/12/2022,1,I,47,16
24,07/12/2022,1,O,118,30
24,07/12/2022,2,I,31,12
24,07/12/2022,2,O,54,16
24,07/12/2022,3,I,48,9
24,07/12/2022,3,O,38,10
24,07/12/2022,4,I,139,17
24,07/12/2022,4,O,44,15
24,07/12/2022,5,I,755,70
24,07/12/2022,5,O,136,22
24,07/12/2022,6,I,2446,295
24,07/12/2022,6,O,462,54
24,07/12/2022,7,I,2610,358
24,07/12/2022,7,O,978,125
24,07/12/2022,8,I,2668,387
24,07/12/2022,8,O,1384,144
24,07/12/2022,9,I,2484,375
24,07/12/2022,9,O,1483,193
24,07/12/2022,10,I,2090,356
24,07/12/2022,10,O,1161,183
24,07/12/2022,11,I,1771,361
24,07/12/2022,11,O,1097,158
24,07/12/2022,12,I,1893,354
24,07/12/2022,12,O,1152,177
24,07/12/2022,13,I,1936,327
24,07/12/2022,13,O,1264,212
24,07/12/2022,14,I,2205,420
24,07/12/2022,14,O,1759,282
24,07/12/2022,15,I,2493,400
24,07/12/2022,15,O,2203,367
24,07/12/2022,16,I,2411,386
24,07/12/2022,16,O,2602,368
24,07/12/2022,17,I,2429,362
24,07/12/2022,17,O,2364,374
24,07/12/2022,18,I,1877,282
24,07/12/2022,18,O,2400,381
24,07/12/2022,19,I,1006,157
24,07/12/2022,19,O,1697,255
24,07/12/2022,20,I,651,112
24,07/12/2022,20,O,983,140
24,07/12/2022,21,I,485,73
24,07/12/2022,21,O,927,115
24,07/12/2022,22,I,434,71
24,07/12/2022,22,O,831,111
24,07/12/2022,23,I,305,66
24,07/12/2022,23,O,526,101
25,07/12/2022,0,I,97,12
25,07/12/2022,0,O,50,16
25,07/12/2022,1,I,57,4
25,07/12/2022,1,O,40,9
25,07/12/2022,2,I,26,10
25,07/12/2022,2,O,22,7
25,07/12/2022,3,I,33,6
25,07/12/2022,3,O,30,7
25,07/12/2022,4,I,49,9
25,07/12/2022,4,O,104,9
25,07/12/2022,5,I,144,17
25,07/12/2022,5,O,350,19
25,07/12/2022,6,I,244,49
25,07/12/2022,6,O,694,55
25,07/12/2022,7,I,382,53
25,07/12/2022,7,O,938,59
25,07/12/2022,8,I,498,73
25,07/12/2022,8,O,874,85
25,07/12/2022,9,I,457,54
25,07/12/2022,9,O,848,78
25,07/12/2022,10,I,608,110
25,07/12/2022,10,O,661,79
25,07/12/2022,11,I,706,115
25,07/12/2022,11,O,591,70
25,07/12/2022,12,I,870,130
25,07/12/2022,12,O,638,60
25,07/12/2022,13,I,845,124
25,07/12/2022,13,O,585,62
25,07/12/2022,14,I,862,135
25,07/12/2022,14,O,713,74
25,07/12/2022,15,I,872,154
25,07/12/2022,15,O,791,90
25,07/12/2022,16,I,942,118
25,07/12/2022,16,O,830,93
25,07/12/2022,17,I,1069,138
25,07/12/2022,17,O,651,72
25,07/12/2022,18,I,954,105
25,07/12/2022,18,O,580,80
25,07/12/2022,19,I,674,79
25,07/12/2022,19,O,448,72
25,07/12/2022,20,I,432,49
25,07/12/2022,20,O,307,37
25,07/12/2022,21,I,310,38
25,07/12/2022,21,O,262,27
25,07/12/2022,22,I,286,38
25,07/12/2022,22,O,196,29
25,07/12/2022,23,I,179,26
25,07/12/2022,23,O,152,20
26,07/12/2022,0,I,138,23
26,07/12/2022,0,O,72,30
26,07/12/2022,1,I,78,14
26,07/12/2022,1,O,46,9
26,07/12/2022,2,I,50,5
26,07/12/2022,2,O,44,5
26,07/12/2022,3,I,46,7
26,07/12/2022,3,O,65,11
26,07/12/2022,4,I,52,10
26,07/12/2022,4,O,166,22
26,07/12/2022,5,I,132,22
26,07/12/2022,5,O,445,53
26,07/12/2022,6,I,301,47
26,07/12/2022,6,O,638,89
26,07/12/2022,7,I,445,61
26,07/12/2022,7,O,754,90
26,07/12/2022,8,I,439,67
26,07/12/2022,8,O,725,82
26,07/12/2022,9,I,485,72
26,07/12/2022,9,O,592,82
26,07/12/2022,10,I,472,105
26,07/12/2022,10,O,551,61
26,07/12/2022,11,I,572,106
26,07/12/2022,11,O,557,85
26,07/12/2022,12,I,676,97
26,07/12/2022,12,O,596,91
26,07/12/2022,13,I,679,106
26,07/12/2022,13,O,612,119
26,07/12/2022,14,I,666,103
26,07/12/2022,14,O,708,134
26,07/12/2022,15,I,728,102
26,07/12/2022,15,O,739,158
26,07/12/2022,16,I,757,106
26,07/12/2022,16,O,755,171
26,07/12/2022,17,I,787,109
26,07/12/2022,17,O,698,140
26,07/12/2022,18,I,766,102
26,07/12/2022,18,O,565,131
26,07/12/2022,19,I,593,82
26,07/12/2022,19,O,433,80
26,07/12/2022,20,I,427,54
26,07/12/2022,20,O,335,71
26,07/12/2022,21,I,341,47
26,07/12/2022,21,O,308,60
26,07/12/2022,22,I,279,43
26,07/12/2022,22,O,209,41
26,07/12/2022,23,I,243,34
26,07/12/2022,23,O,179,34
27,07/12/2022,0,I,654,87
27,07/12/2022,0,O,922,197
27,07/12/2022,1,I,205,44
27,07/12/2022,1,O,479,113
27,07/12/2022,2,I,138,34
27,07/12/2022,2,O,301,65
27,07/12/2022,3,I,162,30
27,07/12/2022,3,O,275,84
27,07/12/2022,4,I,314,74
27,07/12/2022,4,O,413,63
27,07/12/2022,5,I,1102,139
27,07/12/2022,5,O,745,75
27,07/12/2022,6,I,2373,349
27,07/12/2022,6,O,1106,156
27,07/12/2022,7,I,2987,395
27,07/12/2022,7,O,1090,150
27,07/12/2022,8,I,2999,486
27,07/12/2022,8,O,992,172
27,07/12/2022,9,I,3014,476
27,07/12/2022,9,O,1081,171
27,07/12/2022,10,I,2409,401
27,07/12/2022,10,O,1182,203
27,07/12/2022,11,I,2230,412
27,07/12/2022,11,O,1526,263
27,07/12/2022,12,I,2134,341
27,07/12/2022,12,O,1776,336
27,07/12/2022,13,I,2153,379
27,07/12/2022,13,O,2037,343
27,07/12/2022,14,I,2152,358
27,07/12/2022,14,O,1713,331
27,07/12/2022,15,I,2213,336
27,07/12/2022,15,O,2066,351
27,07/12/2022,16,I,2228,331
27,07/12/2022,16,O,2302,349
27,07/12/2022,17,I,2273,341
27,07/12/2022,17,O,2079,351
27,07/12/2022,18,I,2099,306
27,07/12/2022,18,O,1921,279
27,07/12/2022,19,I,1558,263
27,07/12/2022,19,O,1833,260
27,07/12/2022,20,I,1309,191
27,07/12/2022,20,O,1594,244
27,07/12/2022,21,I,1387,220
27,07/12/2022,21,O,1541,237
27,07/12/2022,22,I,1122,199
27,07/12/2022,22,O,1436,233
27,07/12/2022,23,I,924,109
27,07/12/2022,23,O,1167,188
28,07/12/2022,0,I,127,23
28,07/12/2022,0,O,434,52
28,07/12/2022,1,I,70,23
28,07/12/2022,1,O,141,31
28,07/12/2022,2,I,31,11
28,07/12/2022,2,O,64,9
28,07/12/2022,3,I,35,11
28,07/12/2022,3,O,37,14
28,07/12/2022,4,I,105,17
28,07/12/2022,4,O,40,9
28,07/12/2022,5,I,924,108
28,07/12/2022,5,O,125,18
28,07/12/2022,6,I,2480,289
28,07/12/2022,6,O,481,78
28,07/12/2022,7,I,2809,338
28,07/12/2022,7,O,697,118
28,07/12/2022,8,I,2897,332
28,07/12/2022,8,O,842,137
28,07/12/2022,9,I,2588,343
28,07/12/2022,9,O,856,136
28,07/12/2022,10,I,2020,264
28,07/12/2022,10,O,1023,164
28,07/12/2022,11,I,1798,260
28,07/12/2022,11,O,1197,206
28,07/12/2022,12,I,1592,264
28,07/12/2022,12,O,1393,226
28,07/12/2022,13,I,1878,275
28,07/12/2022,13,O,1657,246
28,07/12/2022,14,I,1713,288
28,07/12/2022,14,O,1909,283
28,07/12/2022,15,I,1642,303
28,07/12/2022,15,O,2210,327
28,07/12/2022,16,I,1225,192
28,07/12/2022,16,O,2408,350
28,07/12/2022,17,I,1067,195
28,07/12/2022,17,O,2618,353
28,07/12/2022,18,I,1092,163
28,07/12/2022,18,O,2442,359
28,07/12/2022,19,I,1298,227
28,07/12/2022,19,O,1804,230
28,07/12/2022,20,I,836,156
28,07/12/2022,20,O,1221,167
28,07/12/2022,21,I,727,137
28,07/12/2022,21,O,939,143
28,07/12/2022,22,I,518,100
28,07/12/2022,22,O,864,103
28,07/12/2022,23,I,279,65
28,07/12/2022,23,O,822,99
29,07/12/2022,0,I,403,106
29,07/12/2022,0,O,576,156
29,07/12/2022,1,I,360,99
29,07/12/2022,1,O,389,74
29,07/12/2022,2,I,311,59
29,07/12/2022,2,O,283,67
29,07/12/2022,3,I,396,78
29,07/12/2022,3,O,379,65
29,07/12/2022,4,I,852,133
29,07/12/2022,4,O,553,98
29,07/12/2022,5,I,2592,339
29,07/12/2022,5,O,1348,214
29,07/12/2022,6,I,3900,562
29,07/12/2022,6,O,2369,280
29,07/12/2022,7,I,3059,426
29,07/12/2022,7,O,2325,353
29,07/12/2022,8,I,2669,357
29,07/12/2022,8,O,2321,325
29,07/12/2022,9,I,2802,459
29,07/12/2022,9,O,2171,356
29,07/12/2022,10,I,2438,408
29,07/12/2022,10,O,2046,340
29,07/12/2022,11,I,1844,337
29,07/12/2022,11,O,1653,320
29,07/12/2022,12,I,1948,363
29,07/12/2022,12,O,884,168
29,07/12/2022,13,I,1748,331
29,07/12/2022,13,O,2261,413
29,07/12/2022,14,I,1856,305
29,07/12/2022,14,O,2749,484
29,07/12/2022,15,I,2172,381
29,07/12/2022,15,O,3747,687
29,07/12/2022,16,I,2228,406
29,07/12/2022,16,O,3667,617
29,07/12/2022,17,I,2451,464
29,07/12/2022,17,O,3367,537
29,07/12/2022,18,I,2399,421
29,07/12/2022,18,O,3225,506
29,07/12/2022,19,I,2106,432
29,07/12/2022,19,O,2861,497
29,07/12/2022,20,I,1814,325
29,07/12/2022,20,O,1653,308
29,07/12/2022,21,I,1321,271
29,07/12/2022,21,O,1134,205
29,07/12/2022,22,I,839,159
29,07/12/2022,22,O,805,206
29,07/12/2022,23,I,585,127
29,07/12/2022,23,O,655,151
30,07/12/2022,0,I,1419,232
30,07/12/2022,0,O,1774,268
30,07/12/2022,1,I,964,171
30,07/12/2022,1,O,1123,215
30,07/12/2022,2,I,740,151
30,07/12/2022,2,O,720,138
30,07/12/2022,3,I,996,144
30,07/12/2022,3,O,657,102
30,07/12/2022,4,I,2271,221
30,07/12/2022,4,O,900,133
30,07/12/2022,5,I,5954,446
30,07/12/2022,5,O,1774,243
30,07/12/2022,6,I,8442,675
30,07/12/2022,6,O,3261,393
30,07/12/2022,7,I,7407,650
30,07/12/2022,7,O,4181,491
30,07/12/2022,8,I,6737,555
30,07/12/2022,8,O,4780,552
30,07/12/2022,9,I,6299,580
30,07/12/2022,9,O,4266,564
30,07/12/2022,10,I,5020,533
30,07/12/2022,10,O,4141,564
30,07/12/2022,11,I,4567,645
30,07/12/2022,11,O,4018,525
30,07/12/2022,12,I,4289,657
30,07/12/2022,12,O,4416,605
30,07/12/2022,13,I,4106,542
30,07/12/2022,13,O,4866,636
30,07/12/2022,14,I,4654,723
30,07/12/2022,14,O,5972,637
30,07/12/2022,15,I,4683,655
30,07/12/2022,15,O,7051,713
30,07/12/2022,16,I,4604,653
30,07/12/2022,16,O,7582,717
30,07/12/2022,17,I,4980,614
30,07/12/2022,17,O,7674,753
30,07/12/2022,18,I,4914,628
30,07/12/2022,18,O,6995,743
30,07/12/2022,19,I,4249,581
30,07/12/2022,19,O,5769,651
30,07/12/2022,20,I,3321,508
30,07/12/2022,20,O,4219,526
30,07/12/2022,21,I,2891,459
30,07/12/2022,21,O,3530,467
30,07/12/2022,22,I,2570,406
30,07/12/2022,22,O,2998,383
30,07/12/2022,23,I,2084,309
30,07/12/2022,23,O,2720,355
21,07/11/2022,0,I,2334,529
21,07/11/2022,1,I,1242,294
21,07/11/2022,2,I,789,191
21,07/11/2022,3,I,885,210
21,07/11/2022,4,I,1755,358
21,07/11/2022,5,I,4506,604
21,07/11/2022,6,I,8266,1185
21,07/11/2022,7,I,8614,1414
21,07/11/2022,8,I,8135,1386
21,07/11/2022,9,I,6892,1098
21,07/11/2022,10,I,6156,1151
21,07/11/2022,11,I,6144,1117
21,07/11/2022,12,I,5888,1190
21,07/11/2022,13,I,6284,1313
21,07/11/2022,14,I,7006,1326
21,07/11/2022,15,I,6938,1340
21,07/11/2022,16,I,6240,1157
21,07/11/2022,17,I,6017,1074
21,07/11/2022,18,I,5510,1069
21,07/11/2022,19,I,4807,965
21,07/11/2022,20,I,3941,810
21,07/11/2022,21,I,3520,752
21,07/11/2022,22,I,2870,629
21,07/11/2022,23,I,2438,514
22,07/11/2022,0,O,766,186
22,07/11/2022,1,O,350,105
22,07/11/2022,2,O,197,72
22,07/11/2022,3,O,236,51
22,07/11/2022,4,O,585,78
22,07/11/2022,5,O,1161,120
22,07/11/2022,6,O,1534,182
22,07/11/2022,7,O,1724,216
22,07/11/2022,8,O,1946,295
22,07/11/2022,9,O,2005,293
22,07/11/2022,10,O,2005,331
22,07/11/2022,11,O,2272,383
22,07/11/2022,12,O,2250,376
22,07/11/2022,13,O,2431,424
22,07/11/2022,14,O,2240,377
22,07/11/2022,15,O,2439,448
22,07/11/2022,16,O,2560,458
22,07/11/2022,17,O,2458,425
22,07/11/2022,18,O,2163,370
22,07/11/2022,19,O,1692,340
22,07/11/2022,20,O,1411,244
22,07/11/2022,21,O,1222,220
22,07/11/2022,22,O,919,201
22,07/11/2022,23,O,914,168
23,07/11/2022,0,I,1227,321
23,07/11/2022,0,O,1229,305
23,07/11/2022,1,I,746,208
23,07/11/2022,1,O,690,193
23,07/11/2022,2,I,470,135
23,07/11/2022,2,O,516,142
23,07/11/2022,3,I,427,115
23,07/11/2022,3,O,654,166
23,07/11/2022,4,I,740,156
23,07/11/2022,4,O,1177,253
23,07/11/2022,5,I,1867,294
23,07/11/2022,5,O,2741,436
23,07/11/2022,6,I,3338,501
23,07/11/2022,6,O,3759,606
23,07/11/2022,7,I,4050,517
23,07/11/2022,7,O,3601,609
23,07/11/2022,8,I,3869,565
23,07/11/2022,8,O,3663,638
23,07/11/2022,9,I,3425,525
23,07/11/2022,9,O,3213,590
23,07/11/2022,10,I,3051,601
23,07/11/2022,10,O,3293,613
23,07/11/2022,11,I,3245,651
23,07/11/2022,11,O,3311,678
23,07/11/2022,12,I,2901,561
23,07/11/2022,12,O,3416,764
23,07/11/2022,13,I,2968,586
23,07/11/2022,13,O,3538,716
23,07/11/2022,14,I,3634,672
23,07/11/2022,14,O,3606,792
23,07/11/2022,15,I,3715,658
23,07/11/2022,15,O,3560,733
23,07/11/2022,16,I,3610,650
23,07/11/2022,16,O,3433,617
23,07/11/2022,17,I,3661,609
23,07/11/2022,17,O,3480,633
23,07/11/2022,18,I,3195,551
23,07/11/2022,18,O,3325,598
23,07/11/2022,19,I,2468,514
23,07/11/2022,19,O,3041,614
23,07/11/2022,20,I,2229,489
23,07/11/2022,20,O,2476,521
23,07/11/2022,21,I,1982,465
23,07/11/2022,21,O,2323,519
23,07/11/2022,22,I,2139,467
23,07/11/2022,22,O,1905,451
23,07/11/2022,23,I,1407,329
23,07/11/2022,23,O,1509,365
24,07/11/2022,0,I,94,24
24,07/11/2022,0,O,237,68
24,07/11/2022,1,I,44,12
24,07/11/2022,1,O,111,37
24,07/11/2022,2,I,41,14
24,07/11/2022,2,O,58,15
24,07/11/2022,3,I,48,8
24,07/11/2022,3,O,42,10
24,07/11/2022,4,I,133,16
24,07/11/2022,4,O,44,16
24,07/11/2022,5,I,736,96
24,07/11/2022,5,O,138,17
24,07/11/2022,6,I,2419,302
24,07/11/2022,6,O,438,43
24,07/11/2022,7,I,2330,297
24,07/11/2022,7,O,946,122
24,07/11/2022,8,I,2382,341
24,07/11/2022,8,O,1210,158
24,07/11/2022,9,I,2107,306
24,07/11/2022,9,O,1104,137
24,07/11/2022,10,I,2090,365
24,07/11/2022,10,O,856,130
24,07/11/2022,11,I,1834,375
24,07/11/2022,11,O,1145,172
24,07/11/2022,12,I,1965,385
24,07/11/2022,12,O,1179,228
24,07/11/2022,13,I,1959,381
24,07/11/2022,13,O,1274,219
24,07/11/2022,14,I,2186,422
24,07/11/2022,14,O,1755,301
24,07/11/2022,15,I,2251,433
24,07/11/2022,15,O,2114,353
24,07/11/2022,16,I,2192,362
24,07/11/2022,16,O,2432,385
24,07/11/2022,17,I,2148,323
24,07/11/2022,17,O,2082,321
24,07/11/2022,18,I,1763,293
24,07/11/2022,18,O,2125,331
24,07/11/2022,19,I,1024,182
24,07/11/2022,19,O,1222,184
24,07/11/2022,20,I,698,118
24,07/11/2022,20,O,854,123
24,07/11/2022,21,I,514,99
24,07/11/2022,21,O,726,118
24,07/11/2022,22,I,395,96
24,07/11/2022,22,O,635,118
24,07/11/2022,23,I,253,48
24,07/11/2022,23,O,428,89
25,07/11/2022,0,I,139,20
25,07/11/2022,0,O,61,19
25,07/11/2022,1,I,67,18
25,07/11/2022,1,O,56,10
25,07/11/2022,2,I,33,5
25,07/11/2022,2,O,25,9
25,07/11/2022,3,I,38,10
25,07/11/2022,3,O,43,6
25,07/11/2022,4,I,42,16
25,07/11/2022,4,O,116,12
25,07/11/2022,5,I,146,16
25,07/11/2022,5,O,383,26
25,07/11/2022,6,I,300,53
25,07/11/2022,6,O,656,64
25,07/11/2022,7,I,375,54
25,07/11/2022,7,O,857,57
25,07/11/2022,8,I,450,66
25,07/11/2022,8,O,831,79
25,07/11/2022,9,I,500,67
25,07/11/2022,9,O,692,73
25,07/11/2022,10,I,569,78
25,07/11/2022,10,O,654,44
25,07/11/2022,11,I,694,96
25,07/11/2022,11,O,580,64
25,07/11/2022,12,I,760,122
25,07/11/2022,12,O,606,55
25,07/11/2022,13,I,799,108
25,07/11/2022,13,O,538,58
25,07/11/2022,14,I,832,119
25,07/11/2022,14,O,700,70
25,07/11/2022,15,I,798,128
25,07/11/2022,15,O,739,113
25,07/11/2022,16,I,927,122
25,07/11/2022,16,O,875,108
25,07/11/2022,17,I,943,119
25,07/11/2022,17,O,733,86
25,07/11/2022,18,I,871,107
25,07/11/2022,18,O,620,70
25,07/11/2022,19,I,608,81
25,07/11/2022,19,O,467,78
25,07/11/2022,20,I,387,65
25,07/11/2022,20,O,393,56
25,07/11/2022,21,I,314,37
25,07/11/2022,21,O,306,36
25,07/11/2022,22,I,216,33
25,07/11/2022,22,O,207,24
25,07/11/2022,23,I,145,29
25,07/11/2022,23,O,157,16
26,07/11/2022,0,I,175,25
26,07/11/2022,0,O,83,25
26,07/11/2022,1,I,82,16
26,07/11/2022,1,O,55,13
26,07/11/2022,2,I,47,8
26,07/11/2022,2,O,49,12
26,07/11/2022,3,I,44,11
26,07/11/2022,3,O,57,6
26,07/11/2022,4,I,61,12
26,07/11/2022,4,O,161,27
26,07/11/2022,5,I,133,20
26,07/11/2022,5,O,420,54
26,07/11/2022,6,I,270,50
26,07/11/2022,6,O,596,78
26,07/11/2022,7,I,415,66
26,07/11/2022,7,O,725,92
26,07/11/2022,8,I,432,70
26,07/11/2022,8,O,676,85
26,07/11/2022,9,I,508,81
26,07/11/2022,9,O,557,72
26,07/11/2022,10,I,517,107
26,07/11/2022,10,O,482,68
26,07/11/2022,11,I,573,96
26,07/11/2022,11,O,509,82
26,07/11/2022,12,I,637,116
26,07/11/2022,12,O,512,79
26,07/11/2022,13,I,649,113
26,07/11/2022,13,O,674,100
26,07/11/2022,14,I,702,108
26,07/11/2022,14,O,681,109
26,07/11/2022,15,I,711,113
26,07/11/2022,15,O,759,156
26,07/11/2022,16,I,727,93
26,07/11/2022,16,O,762,151
26,07/11/2022,17,I,793,109
26,07/11/2022,17,O,710,159
26,07/11/2022,18,I,757,116
26,07/11/2022,18,O,630,125
26,07/11/2022,19,I,605,72
26,07/11/2022,19,O,529,98
26,07/11/2022,20,I,438,56
26,07/11/2022,20,O,379,77
26,07/11/2022,21,I,328,66
26,07/11/2022,21,O,310,66
26,07/11/2022,22,I,245,43
26,07/11/2022,22,O,201,40
26,07/11/2022,23,I,215,35
26,07/11/2022,23,O,149,33
27,07/11/2022,0,I,778,117
27,07/11/2022,0,O,696,149
27,07/11/2022,1,I,353,68
27,07/11/2022,1,O,375,109
27,07/11/2022,2,I,139,27
27,07/11/2022,2,O,261,75
27,07/11/2022,3,I,148,33
27,07/11/2022,3,O,239,43
27,07/11/2022,4,I,308,46
27,07/11/2022,4,O,505,57
27,07/11/2022,5,I,1120,151
27,07/11/2022,5,O,752,83
27,07/11/2022,6,I,2424,356
27,07/11/2022,6,O,1175,142
27,07/11/2022,7,I,2976,418
27,07/11/2022,7,O,1202,154
27,07/11/2022,8,I,2973,433
27,07/11/2022,8,O,1030,169
27,07/11/2022,9,I,2705,482
27,07/11/2022,9,O,1005,188
27,07/11/2022,10,I,2012,302
27,07/11/2022,10,O,1233,195
27,07/11/2022,11,I,2197,382
27,07/11/2022,11,O,1513,297
27,07/11/2022,12,I,2176,385
27,07/11/2022,12,O,1708,293
27,07/11/2022,13,I,2150,370
27,07/11/2022,13,O,1834,346
27,07/11/2022,14,I,2199,363
27,07/11/2022,14,O,2116,373
27,07/11/2022,15,I,2334,338
27,07/11/2022,15,O,2240,397
27,07/11/2022,16,I,2329,365
27,07/11/2022,16,O,2121,325
27,07/11/2022,17,I,2267,317
27,07/11/2022,17,O,2002,329
27,07/11/2022,18,I,2202,291
27,07/11/2022,18,O,1619,261
27,07/11/2022,19,I,1734,280
27,07/11/2022,19,O,1457,249
27,07/11/2022,20,I,1536,241
27,07/11/2022,20,O,1326,231
27,07/11/2022,21,I,1415,216
27,07/11/2022,21,O,1264,236
27,07/11/2022,22,I,1218,191
27,07/11/2022,22,O,1258,245
27,07/11/2022,23,I,892,138
27,07/11/2022,23,O,1059,215
28,07/11/2022,0,I,136,33
28,07/11/2022,0,O,570,67
28,07/11/2022,1,I,56,15
28,07/11/2022,1,O,143,33
28,07/11/2022,2,I,41,4
28,07/11/2022,2,O,69,17
28,07/11/2022,3,I,37,9
28,07/11/2022,3,O,35,12
28,07/11/2022,4,I,126,17
28,07/11/2022,4,O,42,8
28,07/11/2022,5,I,814,110
28,07/11/2022,5,O,131,24
28,07/11/2022,6,I,2398,243
28,07/11/2022,6,O,550,81
28,07/11/2022,7,I,2632,317
28,07/11/2022,7,O,859,117
28,07/11/2022,8,I,2620,314
28,07/11/2022,8,O,914,139
28,07/11/2022,9,I,2408,301
28,07/11/2022,9,O,965,171
28,07/11/2022,10,I,1718,252
28,07/11/2022,10,O,1098,180
28,07/11/2022,11,I,1461,260
28,07/11/2022,11,O,1051,140
28,07/11/2022,12,I,1432,229
28,07/11/2022,12,O,1352,202
28,07/11/2022,13,I,1529,260
28,07/11/2022,13,O,1590,275
28,07/11/2022,14,I,1485,223
28,07/11/2022,14,O,1894,333
28,07/11/2022,15,I,1581,303
28,07/11/2022,15,O,2128,338
28,07/11/2022,16,I,1072,184
28,07/11/2022,16,O,2429,335
28,07/11/2022,17,I,1030,198
28,07/11/2022,17,O,2574,366
28,07/11/2022,18,I,1051,193
28,07/11/2022,18,O,2240,301
28,07/11/2022,19,I,980,202
28,07/11/2022,19,O,1510,207
28,07/11/2022,20,I,743,155
28,07/11/2022,20,O,1115,178
28,07/11/2022,21,I,596,103
28,07/11/2022,21,O,874,126
28,07/11/2022,22,I,478,82
28,07/11/2022,22,O,797,114
28,07/11/2022,23,I,253,61
28,07/11/2022,23,O,524,70
29,07/11/2022,0,I,710,168
29,07/11/2022,0,O,968,269
29,07/11/2022,1,I,436,132
29,07/11/2022,1,O,570,149
29,07/11/2022,2,I,330,88
29,07/11/2022,2,O,432,88
29,07/11/2022,3,I,383,92
29,07/11/2022,3,O,395,84
29,07/11/2022,4,I,927,160
29,07/11/2022,4,O,620,96
29,07/11/2022,5,I,2674,334
29,07/11/2022,5,O,1411,217
29,07/11/2022,6,I,3765,570
29,07/11/2022,6,O,2444,343
29,07/11/2022,7,I,3168,483
29,07/11/2022,7,O,2217,311
29,07/11/2022,8,I,2862,398
29,07/11/2022,8,O,2210,302
29,07/11/2022,9,I,2832,441
29,07/11/2022,9,O,2185,388
29,07/11/2022,10,I,2243,387
29,07/11/2022,10,O,2153,390
29,07/11/2022,11,I,2104,370
29,07/11/2022,11,O,1976,309
29,07/11/2022,12,I,1889,328
29,07/11/2022,12,O,2325,367
29,07/11/2022,13,I,1867,343
29,07/11/2022,13,O,2168,404
29,07/11/2022,14,I,1668,287
29,07/11/2022,14,O,2470,433
29,07/11/2022,15,I,2259,392
29,07/11/2022,15,O,3825,655
29,07/11/2022,16,I,2414,387
29,07/11/2022,16,O,3675,665
29,07/11/2022,17,I,1995,364
29,07/11/2022,17,O,3793,634
29,07/11/2022,18,I,2438,461
29,07/11/2022,18,O,3318,541
29,07/11/2022,19,I,2009,401
29,07/11/2022,19,O,2682,515
29,07/11/2022,20,I,1933,341
29,07/11/2022,20,O,2210,427
29,07/11/2022,21,I,1614,332
29,07/11/2022,21,O,1616,349
29,07/11/2022,22,I,915,184
29,07/11/2022,22,O,1056,247
29,07/11/2022,23,I,680,152
29,07/11/2022,23,O,1012,192
30,07/11/2022,0,I,2232,487
30,07/11/2022,0,O,2098,365
30,07/11/2022,1,I,1162,264
30,07/11/2022,1,O,1219,248
30,07/11/2022,2,I,820,161
30,07/11/2022,2,O,751,140
30,07/11/2022,3,I,950,175
30,07/11/2022,3,O,672,134
30,07/11/2022,4,I,2207,241
30,07/11/2022,4,O,882,165
30,07/11/2022,5,I,6027,452
30,07/11/2022,5,O,1881,267
30,07/11/2022,6,I,8285,663
30,07/11/2022,6,O,3343,401
30,07/11/2022,7,I,7356,633
30,07/11/2022,7,O,4354,503
30,07/11/2022,8,I,6625,568
30,07/11/2022,8,O,4721,557
30,07/11/2022,9,I,6088,613
30,07/11/2022,9,O,4292,534
30,07/11/2022,10,I,4989,544
30,07/11/2022,10,O,4426,606
30,07/11/2022,11,I,4735,695
30,07/11/2022,11,O,4589,628
30,07/11/2022,12,I,4427,628
30,07/11/2022,12,O,4921,700
30,07/11/2022,13,I,4372,592
30,07/11/2022,13,O,5107,708
30,07/11/2022,14,I,4659,654
30,07/11/2022,14,O,5935,747
30,07/11/2022,15,I,4470,715
30,07/11/2022,15,O,7117,786
30,07/11/2022,16,I,4624,701
30,07/11/2022,16,O,7407,769
30,07/11/2022,17,I,4778,663
30,07/11/2022,17,O,7631,683
30,07/11/2022,18,I,4806,615
30,07/11/2022,18,O,6801,692
30,07/11/2022,19,I,4122,581
30,07/11/2022,19,O,5409,661
30,07/11/2022,20,I,3359,510
30,07/11/2022,20,O,4471,615
30,07/11/2022,21,I,3104,520
30,07/11/2022,21,O,3412,501
30,07/11/2022,22,I,3034,409
30,07/11/2022,22,O,2957,366
30,07/11/2022,23,I,2138,352
30,07/11/2022,23,O,2566,331
21,07/10/2022,0,I,3524,807
21,07/10/2022,1,I,2258,587
21,07/10/2022,2,I,1589,404
21,07/10/2022,3,I,1423,332
21,07/10/2022,4,I,1513,377
21,07/10/2022,5,I,1693,350
21,07/10/2022,6,I,2341,456
21,07/10/2022,7,I,3057,563
21,07/10/2022,8,I,4094,821
21,07/10/2022,9,I,6073,1194
21,07/10/2022,10,I,6302,1252
21,07/10/2022,11,I,6766,1330
21,07/10/2022,12,I,7153,1443
21,07/10/2022,13,I,7063,1379
21,07/10/2022,14,I,7467,1549
21,07/10/2022,15,I,7110,1388
21,07/10/2022,16,I,7745,1545
21,07/10/2022,17,I,7272,1494
21,07/10/2022,18,I,7474,1521
21,07/10/2022,19,I,6705,1395
21,07/10/2022,20,I,6415,1213
21,07/10/2022,21,I,6569,1270
21,07/10/2022,22,I,6221,1170
21,07/10/2022,23,I,4051,823
22,07/10/2022,0,O,1006,268
22,07/10/2022,1,O,727,193
22,07/10/2022,2,O,484,138
22,07/10/2022,3,O,441,97
22,07/10/2022,4,O,491,91
22,07/10/2022,5,O,568,83
22,07/10/2022,6,O,665,89
22,07/10/2022,7,O,932,124
22,07/10/2022,8,O,1107,157
22,07/10/2022,9,O,1424,227
22,07/10/2022,10,O,1772,283
22,07/10/2022,11,O,2024,333
22,07/10/2022,12,O,2344,399
22,07/10/2022,13,O,2063,339
22,07/10/2022,14,O,2035,379
22,07/10/2022,15,O,2200,425
22,07/10/2022,16,O,2243,466
22,07/10/2022,17,O,1965,375
22,07/10/2022,18,O,1767,336
22,07/10/2022,19,O,2049,425
22,07/10/2022,20,O,1810,328
22,07/10/2022,21,O,1573,325
22,07/10/2022,22,O,1785,347
22,07/10/2022,23,O,1356,239
23,07/10/2022,0,I,1587,463
23,07/10/2022,0,O,1691,433
23,07/10/2022,1,I,1113,322
23,07/10/2022,1,O,1131,310
23,07/10/2022,2,I,757,224
23,07/10/2022,2,O,843,241
23,07/10/2022,3,I,693,216
23,07/10/2022,3,O,796,198
23,07/10/2022,4,I,664,181
23,07/10/2022,4,O,887,244
23,07/10/2022,5,I,990,223
23,07/10/2022,5,O,1331,293
23,07/10/2022,6,I,1403,283
23,07/10/2022,6,O,1406,305
23,07/10/2022,7,I,1418,253
23,07/10/2022,7,O,1730,350
23,07/10/2022,8,I,1234,200
23,07/10/2022,8,O,1996,426
23,07/10/2022,9,I,1959,304
23,07/10/2022,9,O,2339,486
23,07/10/2022,10,I,1609,289
23,07/10/2022,10,O,2636,560
23,07/10/2022,11,I,3555,640
23,07/10/2022,11,O,2821,669
23,07/10/2022,12,I,3575,693
23,07/10/2022,12,O,3002,661
23,07/10/2022,13,I,3686,741
23,07/10/2022,13,O,3337,750
23,07/10/2022,14,I,3603,737
23,07/10/2022,14,O,3030,701
23,07/10/2022,15,I,3707,782
23,07/10/2022,15,O,3243,794
23,07/10/2022,16,I,3698,734
23,07/10/2022,16,O,3263,812
23,07/10/2022,17,I,3745,762
23,07/10/2022,17,O,3429,814
23,07/10/2022,18,I,3537,755
23,07/10/2022,18,O,2937,605
23,07/10/2022,19,I,3295,728
23,07/10/2022,19,O,2872,649
23,07/10/2022,20,I,3269,744
23,07/10/2022,20,O,3400,765
23,07/10/2022,21,I,3332,769
23,07/10/2022,21,O,3286,777
23,07/10/2022,22,I,2979,735
23,07/10/2022,22,O,3089,635
23,07/10/2022,23,I,1759,451
23,07/10/2022,23,O,2217,515
24,07/10/2022,0,I,346,110
24,07/10/2022,0,O,654,133
24,07/10/2022,1,I,136,36
24,07/10/2022,1,O,325,56
24,07/10/2022,2,I,57,16
24,07/10/2022,2,O,279,65
24,07/10/2022,3,I,47,16
24,07/10/2022,3,O,145,40
24,07/10/2022,4,I,65,13
24,07/10/2022,4,O,106,27
24,07/10/2022,5,I,159,23
24,07/10/2022,5,O,86,21
24,07/10/2022,6,I,365,57
24,07/10/2022,6,O,153,24
24,07/10/2022,7,I,454,71
24,07/10/2022,7,O,404,64
24,07/10/2022,8,I,626,92
24,07/10/2022,8,O,539,88
24,07/10/2022,9,I,1033,160
24,07/10/2022,9,O,683,97
24,07/10/2022,10,I,1722,276
24,07/10/2022,10,O,1103,156
24,07/10/2022,11,I,2239,371
24,07/10/2022,11,O,1262,209
24,07/10/2022,12,I,2481,414
24,07/10/2022,12,O,1475,256
24,07/10/2022,13,I,2703,485
24,07/10/2022,13,O,1717,305
24,07/10/2022,14,I,2706,474
24,07/10/2022,14,O,1575,271
24,07/10/2022,15,I,2431,439
24,07/10/2022,15,O,2013,379
24,07/10/2022,16,I,2454,446
24,07/10/2022,16,O,1705,318
24,07/10/2022,17,I,2451,423
24,07/10/2022,17,O,1450,270
24,07/10/2022,18,I,2155,392
24,07/10/2022,18,O,1539,293
24,07/10/2022,19,I,2068,399
24,07/10/2022,19,O,1339,242
24,07/10/2022,20,I,2013,371
24,07/10/2022,20,O,1227,227
24,07/10/2022,21,I,1408,270
24,07/10/2022,21,O,1175,211
24,07/10/2022,22,I,743,128
24,07/10/2022,22,O,1039,188
24,07/10/2022,23,I,280,52
24,07/10/2022,23,O,670,136
25,07/10/2022,0,I,216,41
25,07/10/2022,0,O,165,26
25,07/10/2022,1,I,106,24
25,07/10/2022,1,O,87,28
25,07/10/2022,2,I,55,14
25,07/10/2022,2,O,69,16
25,07/10/2022,3,I,44,14
25,07/10/2022,3,O,48,6
25,07/10/2022,4,I,69,16
25,07/10/2022,4,O,52,13
25,07/10/2022,5,I,72,11
25,07/10/2022,5,O,86,9
25,07/10/2022,6,I,139,17
25,07/10/2022,6,O,175,26
25,07/10/2022,7,I,217,28
25,07/10/2022,7,O,261,29
25,07/10/2022,8,I,390,41
25,07/10/2022,8,O,334,48
25,07/10/2022,9,I,769,102
25,07/10/2022,9,O,424,40
25,07/10/2022,10,I,1205,171
25,07/10/2022,10,O,503,50
25,07/10/2022,11,I,1463,215
25,07/10/2022,11,O,600,62
25,07/10/2022,12,I,1531,226
25,07/10/2022,12,O,667,76
25,07/10/2022,13,I,1406,234
25,07/10/2022,13,O,779,90
25,07/10/2022,14,I,1130,247
25,07/10/2022,14,O,881,114
25,07/10/2022,15,I,933,166
25,07/10/2022,15,O,1003,138
25,07/10/2022,16,I,704,151
25,07/10/2022,16,O,1191,172
25,07/10/2022,17,I,655,126
25,07/10/2022,17,O,1378,192
25,07/10/2022,18,I,545,276
25,07/10/2022,18,O,1353,229
25,07/10/2022,19,I,469,67
25,07/10/2022,19,O,1142,164
25,07/10/2022,20,I,373,70
25,07/10/2022,20,O,915,123
25,07/10/2022,21,I,306,53
25,07/10/2022,21,O,558,85
25,07/10/2022,22,I,264,39
25,07/10/2022,22,O,300,59
25,07/10/2022,23,I,188,28
25,07/10/2022,23,O,169,26
26,07/10/2022,0,I,248,46
26,07/10/2022,0,O,152,50
26,07/10/2022,1,I,178,32
26,07/10/2022,1,O,116,35
26,07/10/2022,2,I,116,22
26,07/10/2022,2,O,92,21
26,07/10/2022,3,I,90,18
26,07/10/2022,3,O,76,16
26,07/10/2022,4,I,80,14
26,07/10/2022,4,O,77,19
26,07/10/2022,5,I,103,15
26,07/10/2022,5,O,126,17
26,07/10/2022,6,I,164,27
26,07/10/2022,6,O,183,20
26,07/10/2022,7,I,226,23
26,07/10/2022,7,O,263,31
26,07/10/2022,8,I,494,69
26,07/10/2022,8,O,312,35
26,07/10/2022,9,I,646,101
26,07/10/2022,9,O,427,46
26,07/10/2022,10,I,810,125
26,07/10/2022,10,O,446,56
26,07/10/2022,11,I,922,155
26,07/10/2022,11,O,628,57
26,07/10/2022,12,I,923,174
26,07/10/2022,12,O,645,88
26,07/10/2022,13,I,902,165
26,07/10/2022,13,O,734,114
26,07/10/2022,14,I,844,158
26,07/10/2022,14,O,772,150
26,07/10/2022,15,I,673,133
26,07/10/2022,15,O,962,200
26,07/10/2022,16,I,606,151
26,07/10/2022,16,O,987,182
26,07/10/2022,17,I,600,102
26,07/10/2022,17,O,1008,228
26,07/10/2022,18,I,508,85
26,07/10/2022,18,O,1054,237
26,07/10/2022,19,I,472,75
26,07/10/2022,19,O,948,345
26,07/10/2022,20,I,385,46
26,07/10/2022,20,O,695,161
26,07/10/2022,21,I,318,50
26,07/10/2022,21,O,518,123
26,07/10/2022,22,I,277,45
26,07/10/2022,22,O,308,82
26,07/10/2022,23,I,263,34
26,07/10/2022,23,O,182,46
27,07/10/2022,0,I,1057,192
27,07/10/2022,0,O,1495,362
27,07/10/2022,1,I,659,121
27,07/10/2022,1,O,1106,261
27,07/10/2022,2,I,447,89
27,07/10/2022,2,O,826,218
27,07/10/2022,3,I,364,68
27,07/10/2022,3,O,711,156
27,07/10/2022,4,I,356,51
27,07/10/2022,4,O,712,112
27,07/10/2022,5,I,336,50
27,07/10/2022,5,O,574,76
27,07/10/2022,6,I,668,84
27,07/10/2022,6,O,615,63
27,07/10/2022,7,I,764,127
27,07/10/2022,7,O,718,89
27,07/10/2022,8,I,989,138
27,07/10/2022,8,O,871,109
27,07/10/2022,9,I,1427,234
27,07/10/2022,9,O,1100,175
27,07/10/2022,10,I,1981,353
27,07/10/2022,10,O,1352,203
27,07/10/2022,11,I,2193,434
27,07/10/2022,11,O,1635,236
27,07/10/2022,12,I,2144,384
27,07/10/2022,12,O,1625,268
27,07/10/2022,13,I,2165,355
27,07/10/2022,13,O,1669,282
27,07/10/2022,14,I,2251,379
27,07/10/2022,14,O,1663,261
27,07/10/2022,15,I,2285,356
27,07/10/2022,15,O,1855,313
27,07/10/2022,16,I,2394,347
27,07/10/2022,16,O,1911,311
27,07/10/2022,17,I,2245,392
27,07/10/2022,17,O,1940,323
27,07/10/2022,18,I,2244,379
27,07/10/2022,18,O,1903,283
27,07/10/2022,19,I,2156,347
27,07/10/2022,19,O,1882,359
27,07/10/2022,20,I,1921,309
27,07/10/2022,20,O,1660,357
27,07/10/2022,21,I,2128,307
27,07/10/2022,21,O,1600,334
27,07/10/2022,22,I,2009,356
27,07/10/2022,22,O,1617,338
27,07/10/2022,23,I,1353,207
27,07/10/2022,23,O,1389,323
28,07/10/2022,0,I,424,91
28,07/10/2022,0,O,571,123
28,07/10/2022,1,I,179,36
28,07/10/2022,1,O,370,71
28,07/10/2022,2,I,97,23
28,07/10/2022,2,O,195,36
28,07/10/2022,3,I,41,15
28,07/10/2022,3,O,129,30
28,07/10/2022,4,I,68,20
28,07/10/2022,4,O,97,16
28,07/10/2022,5,I,96,22
28,07/10/2022,5,O,59,16
28,07/10/2022,6,I,329,39
28,07/10/2022,6,O,86,15
28,07/10/2022,7,I,430,76
28,07/10/2022,7,O,157,25
28,07/10/2022,8,I,631,95
28,07/10/2022,8,O,225,27
28,07/10/2022,9,I,1048,146
28,07/10/2022,9,O,327,57
28,07/10/2022,10,I,1540,200
28,07/10/2022,10,O,570,109
28,07/10/2022,11,I,1701,255
28,07/10/2022,11,O,877,150
28,07/10/2022,12,I,1807,263
28,07/10/2022,12,O,1174,157
28,07/10/2022,13,I,1766,297
28,07/10/2022,13,O,1159,221
28,07/10/2022,14,I,1800,315
28,07/10/2022,14,O,1315,221
28,07/10/2022,15,I,1483,257
28,07/10/2022,15,O,1545,257
28,07/10/2022,16,I,1615,275
28,07/10/2022,16,O,1635,249
28,07/10/2022,17,I,1667,309
28,07/10/2022,17,O,1552,272
28,07/10/2022,18,I,1508,285
28,07/10/2022,18,O,1718,279
28,07/10/2022,19,I,1257,266
28,07/10/2022,19,O,1694,263
28,07/10/2022,20,I,1067,237
28,07/10/2022,20,O,1689,256
28,07/10/2022,21,I,939,178
28,07/10/2022,21,O,1204,185
28,07/10/2022,22,I,790,146
28,07/10/2022,22,O,1159,165
28,07/10/2022,23,I,319,90
28,07/10/2022,23,O,1140,168
29,07/10/2022,0,I,1181,296
29,07/10/2022,0,O,1477,450
29,07/10/2022,1,I,831,230
29,07/10/2022,1,O,922,282
29,07/10/2022,2,I,510,138
29,07/10/2022,2,O,544,145
29,07/10/2022,3,I,333,94
29,07/10/2022,3,O,383,129
29,07/10/2022,4,I,427,88
29,07/10/2022,4,O,325,87
29,07/10/2022,5,I,651,143
29,07/10/2022,5,O,412,85
29,07/10/2022,6,I,1266,236
29,07/10/2022,6,O,753,189
29,07/10/2022,7,I,1801,365
29,07/10/2022,7,O,1430,271
29,07/10/2022,8,I,1793,368
29,07/10/2022,8,O,2123,374
29,07/10/2022,9,I,1818,362
29,07/10/2022,9,O,2890,512
29,07/10/2022,10,I,2565,470
29,07/10/2022,10,O,3404,573
29,07/10/2022,11,I,2522,515
29,07/10/2022,11,O,3584,684
29,07/10/2022,12,I,2472,493
29,07/10/2022,12,O,3755,745
29,07/10/2022,13,I,2504,537
29,07/10/2022,13,O,3648,658
29,07/10/2022,14,I,2529,469
29,07/10/2022,14,O,3816,745
29,07/10/2022,15,I,2475,531
29,07/10/2022,15,O,3716,725
29,07/10/2022,16,I,2560,509
29,07/10/2022,16,O,3740,743
29,07/10/2022,17,I,2576,509
29,07/10/2022,17,O,3591,734
29,07/10/2022,18,I,2518,505
29,07/10/2022,18,O,3522,764
29,07/10/2022,19,I,2411,486
29,07/10/2022,19,O,3581,796
29,07/10/2022,20,I,2265,449
29,07/10/2022,20,O,3657,729
29,07/10/2022,21,I,2387,454
29,07/10/2022,21,O,2717,568
29,07/10/2022,22,I,2400,471
29,07/10/2022,22,O,2112,409
29,07/10/2022,23,I,1444,348
29,07/10/2022,23,O,1972,433
30,07/10/2022,0,I,2451,485
30,07/10/2022,0,O,3244,507
30,07/10/2022,1,I,1427,319
30,07/10/2022,1,O,2086,376
30,07/10/2022,2,I,1004,227
30,07/10/2022,2,O,1377,296
30,07/10/2022,3,I,762,169
30,07/10/2022,3,O,1014,203
30,07/10/2022,4,I,792,145
30,07/10/2022,4,O,912,195
30,07/10/2022,5,I,1323,177
30,07/10/2022,5,O,1063,197
30,07/10/2022,6,I,2246,219
30,07/10/2022,6,O,1693,292
30,07/10/2022,7,I,2633,290
30,07/10/2022,7,O,2421,341
30,07/10/2022,8,I,3429,332
30,07/10/2022,8,O,3305,475
30,07/10/2022,9,I,4473,471
30,07/10/2022,9,O,4158,616
30,07/10/2022,10,I,5234,652
30,07/10/2022,10,O,4800,666
30,07/10/2022,11,I,5871,825
30,07/10/2022,11,O,5314,770
30,07/10/2022,12,I,5902,829
30,07/10/2022,12,O,5375,775
30,07/10/2022,13,I,5837,825
30,07/10/2022,13,O,5602,781
30,07/10/2022,14,I,5807,877
30,07/10/2022,14,O,5675,851
30,07/10/2022,15,I,5736,819
30,07/10/2022,15,O,5551,797
30,07/10/2022,16,I,5809,872
30,07/10/2022,16,O,5547,779
30,07/10/2022,17,I,5816,918
30,07/10/2022,17,O,5683,838
30,07/10/2022,18,I,5908,886
30,07/10/2022,18,O,5274,713
30,07/10/2022,19,I,5722,837
30,07/10/2022,19,O,4748,674
30,07/10/2022,20,I,5711,893
30,07/10/2022,20,O,4992,731
30,07/10/2022,21,I,5737,868
30,07/10/2022,21,O,4477,675
30,07/10/2022,22,I,5433,771
30,07/10/2022,22,O,3853,607
30,07/10/2022,23,I,4140,733
30,07/10/2022,23,O,3162,500
21,07/09/2022,0,I,2573,621
21,07/09/2022,1,I,1562,409
21,07/09/2022,2,I,1117,300
21,07/09/2022,3,I,1073,270
21,07/09/2022,4,I,1449,352
21,07/09/2022,5,I,2243,369
21,07/09/2022,6,I,3528,579
21,07/09/2022,7,I,4110,757
21,07/09/2022,8,I,4947,938
21,07/09/2022,9,I,5722,1141
21,07/09/2022,10,I,6256,1233
21,07/09/2022,11,I,6488,1325
21,07/09/2022,12,I,6822,1394
21,07/09/2022,13,I,6616,1435
21,07/09/2022,14,I,7295,1555
21,07/09/2022,15,I,7103,1470
21,07/09/2022,16,I,6543,1434
21,07/09/2022,17,I,6729,1462
21,07/09/2022,18,I,6641,1336
21,07/09/2022,19,I,6303,1270
21,07/09/2022,20,I,6080,1208
21,07/09/2022,21,I,6308,1223
21,07/09/2022,22,I,5452,1209
21,07/09/2022,23,I,4925,1103
22,07/09/2022,0,O,942,222
22,07/09/2022,1,O,509,142
22,07/09/2022,2,O,336,91
22,07/09/2022,3,O,332,103
22,07/09/2022,4,O,476,72
22,07/09/2022,5,O,651,87
22,07/09/2022,6,O,757,92
22,07/09/2022,7,O,1123,135
22,07/09/2022,8,O,1405,226
22,07/09/2022,9,O,1810,298
22,07/09/2022,10,O,1861,327
22,07/09/2022,11,O,2213,391
22,07/09/2022,12,O,2517,445
22,07/09/2022,13,O,2476,414
22,07/09/2022,14,O,2371,465
22,07/09/2022,15,O,2212,434
22,07/09/2022,16,O,2124,415
22,07/09/2022,17,O,2078,400
22,07/09/2022,18,O,1842,419
22,07/09/2022,19,O,1779,413
22,07/09/2022,20,O,1885,431
22,07/09/2022,21,O,1488,336
22,07/09/2022,22,O,1544,327
22,07/09/2022,23,O,1251,282
23,07/09/2022,0,I,1496,351
23,07/09/2022,0,O,1058,314
23,07/09/2022,1,I,909,266
23,07/09/2022,1,O,780,219
23,07/09/2022,2,I,701,179
23,07/09/2022,2,O,653,186
23,07/09/2022,3,I,611,154
23,07/09/2022,3,O,772,166
23,07/09/2022,4,I,726,175
23,07/09/2022,4,O,1001,238
23,07/09/2022,5,I,1069,198
23,07/09/2022,5,O,1520,303
23,07/09/2022,6,I,1914,320
23,07/09/2022,6,O,1816,324
23,07/09/2022,7,I,2689,436
23,07/09/2022,7,O,2071,372
23,07/09/2022,8,I,3112,475
23,07/09/2022,8,O,2128,415
23,07/09/2022,9,I,3284,581
23,07/09/2022,9,O,2326,525
23,07/09/2022,10,I,3600,679
23,07/09/2022,10,O,2492,565
23,07/09/2022,11,I,3317,669
23,07/09/2022,11,O,2676,631
23,07/09/2022,12,I,3684,783
23,07/09/2022,12,O,2734,582
23,07/09/2022,13,I,3511,732
23,07/09/2022,13,O,3425,751
23,07/09/2022,14,I,3439,735
23,07/09/2022,14,O,3034,701
23,07/09/2022,15,I,3603,750
23,07/09/2022,15,O,3071,648
23,07/09/2022,16,I,3237,732
23,07/09/2022,16,O,3362,838
23,07/09/2022,17,I,2829,614
23,07/09/2022,17,O,3073,759
23,07/09/2022,18,I,3201,694
23,07/09/2022,18,O,3030,733
23,07/09/2022,19,I,2887,572
23,07/09/2022,19,O,3012,752
23,07/09/2022,20,I,3206,738
23,07/09/2022,20,O,2842,693
23,07/09/2022,21,I,3172,689
23,07/09/2022,21,O,2500,602
23,07/09/2022,22,I,2511,586
23,07/09/2022,22,O,2383,583
23,07/09/2022,23,I,1932,450
23,07/09/2022,23,O,2100,551
24,07/09/2022,0,I,346,103
24,07/09/2022,0,O,750,163
24,07/09/2022,1,I,160,56
24,07/09/2022,1,O,348,89
24,07/09/2022,2,I,79,28
24,07/09/2022,2,O,192,66
24,07/09/2022,3,I,65,13
24,07/09/2022,3,O,113,32
24,07/09/2022,4,I,103,11
24,07/09/2022,4,O,89,21
24,07/09/2022,5,I,328,49
24,07/09/2022,5,O,103,24
24,07/09/2022,6,I,609,83
24,07/09/2022,6,O,221,31
24,07/09/2022,7,I,777,121
24,07/09/2022,7,O,397,59
24,07/09/2022,8,I,1078,165
24,07/09/2022,8,O,659,107
24,07/09/2022,9,I,1565,351
24,07/09/2022,9,O,926,144
24,07/09/2022,10,I,2048,414
24,07/09/2022,10,O,1370,210
24,07/09/2022,11,I,2301,442
24,07/09/2022,11,O,1511,227
24,07/09/2022,12,I,2548,528
24,07/09/2022,12,O,1855,311
24,07/09/2022,13,I,2497,492
24,07/09/2022,13,O,1753,287
24,07/09/2022,14,I,2639,512
24,07/09/2022,14,O,1765,313
24,07/09/2022,15,I,2434,489
24,07/09/2022,15,O,1673,327
24,07/09/2022,16,I,2487,550
24,07/09/2022,16,O,2063,371
24,07/09/2022,17,I,2407,510
24,07/09/2022,17,O,1959,380
24,07/09/2022,18,I,2189,468
24,07/09/2022,18,O,1404,251
24,07/09/2022,19,I,1968,396
24,07/09/2022,19,O,1217,238
24,07/09/2022,20,I,1343,285
24,07/09/2022,20,O,1305,268
24,07/09/2022,21,I,1264,213
24,07/09/2022,21,O,1118,220
24,07/09/2022,22,I,876,174
24,07/09/2022,22,O,1423,260
24,07/09/2022,23,I,490,87
24,07/09/2022,23,O,1312,244
25,07/09/2022,0,I,188,23
25,07/09/2022,0,O,139,24
25,07/09/2022,1,I,80,21
25,07/09/2022,1,O,87,16
25,07/09/2022,2,I,67,6
25,07/09/2022,2,O,56,7
25,07/09/2022,3,I,45,8
25,07/09/2022,3,O,35,3
25,07/09/2022,4,I,64,11
25,07/09/2022,4,O,48,8
25,07/09/2022,5,I,103,8
25,07/09/2022,5,O,149,16
25,07/09/2022,6,I,152,25
25,07/09/2022,6,O,212,22
25,07/09/2022,7,I,233,41
25,07/09/2022,7,O,325,37
25,07/09/2022,8,I,402,50
25,07/09/2022,8,O,385,45
25,07/09/2022,9,I,568,69
25,07/09/2022,9,O,524,53
25,07/09/2022,10,I,650,104
25,07/09/2022,10,O,554,43
25,07/09/2022,11,I,891,144
25,07/09/2022,11,O,617,77
25,07/09/2022,12,I,992,183
25,07/09/2022,12,O,569,59
25,07/09/2022,13,I,1023,184
25,07/09/2022,13,O,529,70
25,07/09/2022,14,I,859,158
25,07/09/2022,14,O,545,57
25,07/09/2022,15,I,760,135
25,07/09/2022,15,O,604,84
25,07/09/2022,16,I,723,122
25,07/09/2022,16,O,688,86
25,07/09/2022,17,I,611,105
25,07/09/2022,17,O,737,115
25,07/09/2022,18,I,510,81
25,07/09/2022,18,O,734,128
25,07/09/2022,19,I,413,76
25,07/09/2022,19,O,675,99
25,07/09/2022,20,I,403,61
25,07/09/2022,20,O,694,103
25,07/09/2022,21,I,348,61
25,07/09/2022,21,O,602,68
25,07/09/2022,22,I,289,51
25,07/09/2022,22,O,441,72
25,07/09/2022,23,I,272,47
25,07/09/2022,23,O,288,52
26,07/09/2022,0,I,230,34
26,07/09/2022,0,O,141,33
26,07/09/2022,1,I,160,35
26,07/09/2022,1,O,88,27
26,07/09/2022,2,I,86,13
26,07/09/2022,2,O,75,20
26,07/09/2022,3,I,69,19
26,07/09/2022,3,O,72,17
26,07/09/2022,4,I,86,11
26,07/09/2022,4,O,92,23
26,07/09/2022,5,I,92,18
26,07/09/2022,5,O,166,22
26,07/09/2022,6,I,187,32
26,07/09/2022,6,O,260,37
26,07/09/2022,7,I,231,37
26,07/09/2022,7,O,319,36
26,07/09/2022,8,I,382,64
26,07/09/2022,8,O,415,46
26,07/09/2022,9,I,505,62
26,07/09/2022,9,O,504,49
26,07/09/2022,10,I,611,113
26,07/09/2022,10,O,551,64
26,07/09/2022,11,I,731,132
26,07/09/2022,11,O,538,83
26,07/09/2022,12,I,640,115
26,07/09/2022,12,O,566,82
26,07/09/2022,13,I,651,136
26,07/09/2022,13,O,631,100
26,07/09/2022,14,I,714,114
26,07/09/2022,14,O,615,110
26,07/09/2022,15,I,554,79
26,07/09/2022,15,O,680,152
26,07/09/2022,16,I,588,96
26,07/09/2022,16,O,678,156
26,07/09/2022,17,I,580,78
26,07/09/2022,17,O,714,172
26,07/09/2022,18,I,550,74
26,07/09/2022,18,O,767,152
26,07/09/2022,19,I,485,74
26,07/09/2022,19,O,654,140
26,07/09/2022,20,I,462,68
26,07/09/2022,20,O,628,107
26,07/09/2022,21,I,396,58
26,07/09/2022,21,O,542,115
26,07/09/2022,22,I,375,56
26,07/09/2022,22,O,412,96
26,07/09/2022,23,I,362,46
26,07/09/2022,23,O,243,60
27,07/09/2022,0,I,1008,140
27,07/09/2022,0,O,1412,281
27,07/09/2022,1,I,612,91
27,07/09/2022,1,O,873,180
27,07/09/2022,2,I,361,70
27,07/09/2022,2,O,653,153
27,07/09/2022,3,I,323,42
27,07/09/2022,3,O,600,124
27,07/09/2022,4,I,321,39
27,07/09/2022,4,O,623,97
27,07/09/2022,5,I,576,92
27,07/09/2022,5,O,660,90
27,07/09/2022,6,I,1095,180
27,07/09/2022,6,O,720,118
27,07/09/2022,7,I,1156,219
27,07/09/2022,7,O,908,117
27,07/09/2022,8,I,1349,249
27,07/09/2022,8,O,1005,164
27,07/09/2022,9,I,1631,323
27,07/09/2022,9,O,1092,196
27,07/09/2022,10,I,1920,345
27,07/09/2022,10,O,1324,234
27,07/09/2022,11,I,2080,451
27,07/09/2022,11,O,1343,248
27,07/09/2022,12,I,2149,422
27,07/09/2022,12,O,1483,253
27,07/09/2022,13,I,2005,365
27,07/09/2022,13,O,1600,278
27,07/09/2022,14,I,2016,368
27,07/09/2022,14,O,1801,307
27,07/09/2022,15,I,2079,359
27,07/09/2022,15,O,1660,303
27,07/09/2022,16,I,2106,391
27,07/09/2022,16,O,1656,290
27,07/09/2022,17,I,2100,390
27,07/09/2022,17,O,1635,336
27,07/09/2022,18,I,2029,361
27,07/09/2022,18,O,1517,284
27,07/09/2022,19,I,1982,398
27,07/09/2022,19,O,1408,289
27,07/09/2022,20,I,1778,340
27,07/09/2022,20,O,1447,282
27,07/09/2022,21,I,1823,354
27,07/09/2022,21,O,1298,260
27,07/09/2022,22,I,1838,350
27,07/09/2022,22,O,1404,301
27,07/09/2022,23,I,1364,288
27,07/09/2022,23,O,1617,323
28,07/09/2022,0,I,334,78
28,07/09/2022,0,O,528,63
28,07/09/2022,1,I,167,40
28,07/09/2022,1,O,218,44
28,07/09/2022,2,I,67,24
28,07/09/2022,2,O,119,19
28,07/09/2022,3,I,58,7
28,07/09/2022,3,O,126,19
28,07/09/2022,4,I,69,6
28,07/09/2022,4,O,96,25
28,07/09/2022,5,I,273,35
28,07/09/2022,5,O,122,26
28,07/09/2022,6,I,625,94
28,07/09/2022,6,O,143,16
28,07/09/2022,7,I,776,109
28,07/09/2022,7,O,227,33
28,07/09/2022,8,I,1023,148
28,07/09/2022,8,O,370,55
28,07/09/2022,9,I,1197,193
28,07/09/2022,9,O,471,80
28,07/09/2022,10,I,1536,256
28,07/09/2022,10,O,646,118
28,07/09/2022,11,I,1633,278
28,07/09/2022,11,O,987,196
28,07/09/2022,12,I,1701,285
28,07/09/2022,12,O,1024,204
28,07/09/2022,13,I,1728,275
28,07/09/2022,13,O,1084,200
28,07/09/2022,14,I,1763,337
28,07/09/2022,14,O,1174,240
28,07/09/2022,15,I,1708,321
28,07/09/2022,15,O,1384,290
28,07/09/2022,16,I,1413,247
28,07/09/2022,16,O,1522,279
28,07/09/2022,17,I,1459,253
28,07/09/2022,17,O,1506,241
28,07/09/2022,18,I,1557,256
28,07/09/2022,18,O,1406,249
28,07/09/2022,19,I,1361,231
28,07/09/2022,19,O,1316,224
28,07/09/2022,20,I,1124,227
28,07/09/2022,20,O,1190,229
28,07/09/2022,21,I,1209,272
28,07/09/2022,21,O,1119,215
28,07/09/2022,22,I,1275,239
28,07/09/2022,22,O,1136,218
28,07/09/2022,23,I,848,129
28,07/09/2022,23,O,1032,200
29,07/09/2022,0,I,711,155
29,07/09/2022,0,O,1008,234
29,07/09/2022,1,I,472,124
29,07/09/2022,1,O,632,182
29,07/09/2022,2,I,339,69
29,07/09/2022,2,O,448,104
29,07/09/2022,3,I,395,87
29,07/09/2022,3,O,417,97
29,07/09/2022,4,I,607,125
29,07/09/2022,4,O,437,94
29,07/09/2022,5,I,1228,210
29,07/09/2022,5,O,661,119
29,07/09/2022,6,I,2213,389
29,07/09/2022,6,O,1259,232
29,07/09/2022,7,I,2099,387
29,07/09/2022,7,O,2014,331
29,07/09/2022,8,I,2541,467
29,07/09/2022,8,O,2420,425
29,07/09/2022,9,I,2580,399
29,07/09/2022,9,O,3110,535
29,07/09/2022,10,I,2392,475
29,07/09/2022,10,O,3656,622
29,07/09/2022,11,I,2448,486
29,07/09/2022,11,O,3708,644
29,07/09/2022,12,I,2389,518
29,07/09/2022,12,O,3753,676
29,07/09/2022,13,I,2447,511
29,07/09/2022,13,O,3711,684
29,07/09/2022,14,I,2307,482
29,07/09/2022,14,O,3889,724
29,07/09/2022,15,I,2486,496
29,07/09/2022,15,O,3680,760
29,07/09/2022,16,I,2197,460
29,07/09/2022,16,O,3730,704
29,07/09/2022,17,I,2604,490
29,07/09/2022,17,O,3391,698
29,07/09/2022,18,I,2517,478
29,07/09/2022,18,O,3359,667
29,07/09/2022,19,I,2403,533
29,07/09/2022,19,O,3572,734
29,07/09/2022,20,I,2395,546
29,07/09/2022,20,O,3000,669
29,07/09/2022,21,I,2310,487
29,07/09/2022,21,O,2676,623
29,07/09/2022,22,I,2338,476
29,07/09/2022,22,O,2493,576
29,07/09/2022,23,I,1692,369
29,07/09/2022,23,O,2192,518
30,07/09/2022,0,I,1711,400
30,07/09/2022,0,O,2690,387
30,07/09/2022,1,I,1173,277
30,07/09/2022,1,O,1687,273
30,07/09/2022,2,I,802,187
30,07/09/2022,2,O,1174,190
30,07/09/2022,3,I,823,135
30,07/09/2022,3,O,981,173
30,07/09/2022,4,I,1230,184
30,07/09/2022,4,O,992,188
30,07/09/2022,5,I,2666,252
30,07/09/2022,5,O,1400,217
30,07/09/2022,6,I,3405,321
30,07/09/2022,6,O,2433,362
30,07/09/2022,7,I,3813,393
30,07/09/2022,7,O,3446,452
30,07/09/2022,8,I,4401,434
30,07/09/2022,8,O,4270,592
30,07/09/2022,9,I,5208,600
30,07/09/2022,9,O,5125,661
30,07/09/2022,10,I,5647,729
30,07/09/2022,10,O,4731,632
30,07/09/2022,11,I,5433,786
30,07/09/2022,11,O,5414,755
30,07/09/2022,12,I,5741,799
30,07/09/2022,12,O,5544,803
30,07/09/2022,13,I,5763,912
30,07/09/2022,13,O,5769,817
30,07/09/2022,14,I,5577,900
30,07/09/2022,14,O,5721,786
30,07/09/2022,15,I,5347,939
30,07/09/2022,15,O,5531,723
30,07/09/2022,16,I,5580,916
30,07/09/2022,16,O,5407,793
30,07/09/2022,17,I,5559,862
30,07/09/2022,17,O,5646,806
30,07/09/2022,18,I,5438,851
30,07/09/2022,18,O,5140,731
30,07/09/2022,19,I,4998,842
30,07/09/2022,19,O,4667,749
30,07/09/2022,20,I,4729,826
30,07/09/2022,20,O,4531,607
30,07/09/2022,21,I,4743,717
30,07/09/2022,21,O,4396,597
30,07/09/2022,22,I,3771,649
30,07/09/2022,22,O,4560,628
30,07/09/2022,23,I,3449,591
30,07/09/2022,23,O,4419,606
21,07/08/2022,0,I,1971,434
21,07/08/2022,1,I,1102,291
21,07/08/2022,2,I,734,221
21,07/08/2022,3,I,883,197
21,07/08/2022,4,I,1595,288
21,07/08/2022,5,I,4049,603
21,07/08/2022,6,I,7983,1272
21,07/08/2022,7,I,8425,1460
21,07/08/2022,8,I,7977,1466
21,07/08/2022,9,I,6936,1203
21,07/08/2022,10,I,6763,1227
21,07/08/2022,11,I,6469,1308
21,07/08/2022,12,I,6761,1462
21,07/08/2022,13,I,7038,1413
21,07/08/2022,14,I,7570,1567
21,07/08/2022,15,I,7259,1427
21,07/08/2022,16,I,7010,1310
21,07/08/2022,17,I,6714,1315
21,07/08/2022,18,I,6000,1208
21,07/08/2022,19,I,5276,1050
21,07/08/2022,20,I,4520,985
21,07/08/2022,21,I,4130,912
21,07/08/2022,22,I,3803,844
21,07/08/2022,23,I,3401,698
22,07/08/2022,0,O,647,147
22,07/08/2022,1,O,270,75
22,07/08/2022,2,O,216,54
22,07/08/2022,3,O,288,60
22,07/08/2022,4,O,532,67
22,07/08/2022,5,O,1043,112
22,07/08/2022,6,O,1308,140
22,07/08/2022,7,O,1815,254
22,07/08/2022,8,O,2135,353
22,07/08/2022,9,O,2191,338
22,07/08/2022,10,O,2230,366
22,07/08/2022,11,O,2369,403
22,07/08/2022,12,O,2461,476
22,07/08/2022,13,O,2310,448
22,07/08/2022,14,O,2587,430
22,07/08/2022,15,O,2132,385
22,07/08/2022,16,O,2269,385
22,07/08/2022,17,O,2504,427
22,07/08/2022,18,O,2138,415
22,07/08/2022,19,O,2132,410
22,07/08/2022,20,O,1630,329
22,07/08/2022,21,O,1388,294
22,07/08/2022,22,O,1214,279
22,07/08/2022,23,O,1036,224
23,07/08/2022,0,I,1054,251
23,07/08/2022,0,O,933,227
23,07/08/2022,1,I,691,183
23,07/08/2022,1,O,596,150
23,07/08/2022,2,I,448,114
23,07/08/2022,2,O,499,132
23,07/08/2022,3,I,482,97
23,07/08/2022,3,O,636,182
23,07/08/2022,4,I,796,150
23,07/08/2022,4,O,1161,234
23,07/08/2022,5,I,1740,276
23,07/08/2022,5,O,2621,445
23,07/08/2022,6,I,3000,409
23,07/08/2022,6,O,3084,511
23,07/08/2022,7,I,3299,477
23,07/08/2022,7,O,2983,520
23,07/08/2022,8,I,3553,536
23,07/08/2022,8,O,2313,448
23,07/08/2022,9,I,3497,573
23,07/08/2022,9,O,1787,383
23,07/08/2022,10,I,3341,618
23,07/08/2022,10,O,2068,408
23,07/08/2022,11,I,3470,716
23,07/08/2022,11,O,2108,457
23,07/08/2022,12,I,3567,723
23,07/08/2022,12,O,2266,455
23,07/08/2022,13,I,3671,686
23,07/08/2022,13,O,2436,523
23,07/08/2022,14,I,3832,677
23,07/08/2022,14,O,3496,783
23,07/08/2022,15,I,3786,656
23,07/08/2022,15,O,3493,668
23,07/08/2022,16,I,3863,684
23,07/08/2022,16,O,3709,730
23,07/08/2022,17,I,3851,748
23,07/08/2022,17,O,3827,701
23,07/08/2022,18,I,3627,711
23,07/08/2022,18,O,3520,687
23,07/08/2022,19,I,3335,674
23,07/08/2022,19,O,3247,721
23,07/08/2022,20,I,2437,514
23,07/08/2022,20,O,3016,696
23,07/08/2022,21,I,2152,473
23,07/08/2022,21,O,2719,640
23,07/08/2022,22,I,2738,647
23,07/08/2022,22,O,2201,536
23,07/08/2022,23,I,2432,556
23,07/08/2022,23,O,1857,458
24,07/08/2022,0,I,239,91
24,07/08/2022,0,O,408,83
24,07/08/2022,1,I,100,22
24,07/08/2022,1,O,216,39
24,07/08/2022,2,I,50,18
24,07/08/2022,2,O,75,20
24,07/08/2022,3,I,55,11
24,07/08/2022,3,O,42,13
24,07/08/2022,4,I,158,17
24,07/08/2022,4,O,46,14
24,07/08/2022,5,I,698,75
24,07/08/2022,5,O,131,19
24,07/08/2022,6,I,1835,235
24,07/08/2022,6,O,431,41
24,07/08/2022,7,I,1812,230
24,07/08/2022,7,O,926,126
24,07/08/2022,8,I,2243,385
24,07/08/2022,8,O,1240,172
24,07/08/2022,9,I,2056,370
24,07/08/2022,9,O,1237,193
24,07/08/2022,10,I,2093,385
24,07/08/2022,10,O,1475,274
24,07/08/2022,11,I,1995,361
24,07/08/2022,11,O,1541,262
24,07/08/2022,12,I,2182,396
24,07/08/2022,12,O,1630,279
24,07/08/2022,13,I,2299,466
24,07/08/2022,13,O,1621,251
24,07/08/2022,14,I,2469,475
24,07/08/2022,14,O,2124,330
24,07/08/2022,15,I,2492,434
24,07/08/2022,15,O,2347,356
24,07/08/2022,16,I,2336,403
24,07/08/2022,16,O,2622,406
24,07/08/2022,17,I,2348,396
24,07/08/2022,17,O,2300,351
24,07/08/2022,18,I,2340,465
24,07/08/2022,18,O,1969,342
24,07/08/2022,19,I,1614,382
24,07/08/2022,19,O,1687,298
24,07/08/2022,20,I,1151,264
24,07/08/2022,20,O,1036,177
24,07/08/2022,21,I,645,149
24,07/08/2022,21,O,847,144
24,07/08/2022,22,I,504,124
24,07/08/2022,22,O,986,172
24,07/08/2022,23,I,441,100
24,07/08/2022,23,O,725,129
25,07/08/2022,0,I,130,16
25,07/08/2022,0,O,71,13
25,07/08/2022,1,I,72,12
25,07/08/2022,1,O,42,11
25,07/08/2022,2,I,38,8
25,07/08/2022,2,O,33,6
25,07/08/2022,3,I,36,6
25,07/08/2022,3,O,18,6
25,07/08/2022,4,I,64,11
25,07/08/2022,4,O,96,5
25,07/08/2022,5,I,161,21
25,07/08/2022,5,O,335,17
25,07/08/2022,6,I,304,60
25,07/08/2022,6,O,573,50
25,07/08/2022,7,I,406,52
25,07/08/2022,7,O,741,83
25,07/08/2022,8,I,516,70
25,07/08/2022,8,O,754,76
25,07/08/2022,9,I,515,64
25,07/08/2022,9,O,669,64
25,07/08/2022,10,I,599,79
25,07/08/2022,10,O,605,48
25,07/08/2022,11,I,737,109
25,07/08/2022,11,O,622,60
25,07/08/2022,12,I,778,115
25,07/08/2022,12,O,577,53
25,07/08/2022,13,I,908,115
25,07/08/2022,13,O,578,62
25,07/08/2022,14,I,900,124
25,07/08/2022,14,O,652,60
25,07/08/2022,15,I,1017,139
25,07/08/2022,15,O,694,98
25,07/08/2022,16,I,976,132
25,07/08/2022,16,O,752,102
25,07/08/2022,17,I,930,127
25,07/08/2022,17,O,774,74
25,07/08/2022,18,I,861,116
25,07/08/2022,18,O,527,76
25,07/08/2022,19,I,532,69
25,07/08/2022,19,O,439,66
25,07/08/2022,20,I,372,58
25,07/08/2022,20,O,340,49
25,07/08/2022,21,I,307,52
25,07/08/2022,21,O,306,43
25,07/08/2022,22,I,281,48
25,07/08/2022,22,O,284,33
25,07/08/2022,23,I,237,36
25,07/08/2022,23,O,274,40
26,07/08/2022,0,I,173,36
26,07/08/2022,0,O,93,31
26,07/08/2022,1,I,80,27
26,07/08/2022,1,O,71,19
26,07/08/2022,2,I,70,13
26,07/08/2022,2,O,50,17
26,07/08/2022,3,I,57,16
26,07/08/2022,3,O,64,10
26,07/08/2022,4,I,59,12
26,07/08/2022,4,O,163,24
26,07/08/2022,5,I,167,11
26,07/08/2022,5,O,437,54
26,07/08/2022,6,I,296,44
26,07/08/2022,6,O,592,70
26,07/08/2022,7,I,394,78
26,07/08/2022,7,O,701,81
26,07/08/2022,8,I,428,63
26,07/08/2022,8,O,699,79
26,07/08/2022,9,I,492,83
26,07/08/2022,9,O,578,80
26,07/08/2022,10,I,508,95
26,07/08/2022,10,O,575,78
26,07/08/2022,11,I,571,77
26,07/08/2022,11,O,595,85
26,07/08/2022,12,I,606,113
26,07/08/2022,12,O,548,85
26,07/08/2022,13,I,649,90
26,07/08/2022,13,O,648,103
26,07/08/2022,14,I,709,101
26,07/08/2022,14,O,722,119
26,07/08/2022,15,I,732,133
26,07/08/2022,15,O,771,166
26,07/08/2022,16,I,741,89
26,07/08/2022,16,O,815,166
26,07/08/2022,17,I,769,88
26,07/08/2022,17,O,773,124
26,07/08/2022,18,I,701,88
26,07/08/2022,18,O,610,88
26,07/08/2022,19,I,593,77
26,07/08/2022,19,O,451,85
26,07/08/2022,20,I,421,65
26,07/08/2022,20,O,306,62
26,07/08/2022,21,I,367,52
26,07/08/2022,21,O,306,67
26,07/08/2022,22,I,323,63
26,07/08/2022,22,O,273,49
26,07/08/2022,23,I,317,53
26,07/08/2022,23,O,311,51
27,07/08/2022,0,I,720,118
27,07/08/2022,0,O,925,181
27,07/08/2022,1,I,369,56
27,07/08/2022,1,O,538,98
27,07/08/2022,2,I,166,43
27,07/08/2022,2,O,383,93
27,07/08/2022,3,I,130,31
27,07/08/2022,3,O,334,56
27,07/08/2022,4,I,324,57
27,07/08/2022,4,O,482,76
27,07/08/2022,5,I,1079,163
27,07/08/2022,5,O,677,100
27,07/08/2022,6,I,2261,371
27,07/08/2022,6,O,1027,148
27,07/08/2022,7,I,2683,437
27,07/08/2022,7,O,1142,161
27,07/08/2022,8,I,2674,452
27,07/08/2022,8,O,1094,166
27,07/08/2022,9,I,2555,453
27,07/08/2022,9,O,1046,212
27,07/08/2022,10,I,2141,359
27,07/08/2022,10,O,1376,252
27,07/08/2022,11,I,2084,352
27,07/08/2022,11,O,1753,326
27,07/08/2022,12,I,2038,356
27,07/08/2022,12,O,1914,357
27,07/08/2022,13,I,2068,362
27,07/08/2022,13,O,2032,378
27,07/08/2022,14,I,2154,408
27,07/08/2022,14,O,2081,390
27,07/08/2022,15,I,2190,430
27,07/08/2022,15,O,2148,372
27,07/08/2022,16,I,2287,356
27,07/08/2022,16,O,2172,344
27,07/08/2022,17,I,2218,367
27,07/08/2022,17,O,2135,374
27,07/08/2022,18,I,2303,402
27,07/08/2022,18,O,1982,326
27,07/08/2022,19,I,1923,388
27,07/08/2022,19,O,1539,277
27,07/08/2022,20,I,1696,321
27,07/08/2022,20,O,1452,259
27,07/08/2022,21,I,1451,271
27,07/08/2022,21,O,1352,241
27,07/08/2022,22,I,1334,252
27,07/08/2022,22,O,1494,240
27,07/08/2022,23,I,1272,234
27,07/08/2022,23,O,1545,288
28,07/08/2022,0,I,198,50
28,07/08/2022,0,O,513,58
28,07/08/2022,1,I,75,16
28,07/08/2022,1,O,159,14
28,07/08/2022,2,I,40,3
28,07/08/2022,2,O,86,9
28,07/08/2022,3,I,46,9
28,07/08/2022,3,O,45,12
28,07/08/2022,4,I,137,23
28,07/08/2022,4,O,50,13
28,07/08/2022,5,I,834,116
28,07/08/2022,5,O,161,22
28,07/08/2022,6,I,2201,268
28,07/08/2022,6,O,468,62
28,07/08/2022,7,I,2528,322
28,07/08/2022,7,O,687,120
28,07/08/2022,8,I,2537,345
28,07/08/2022,8,O,903,157
28,07/08/2022,9,I,2249,266
28,07/08/2022,9,O,856,195
28,07/08/2022,10,I,1982,280
28,07/08/2022,10,O,950,170
28,07/08/2022,11,I,1640,241
28,07/08/2022,11,O,1020,171
28,07/08/2022,12,I,1545,237
28,07/08/2022,12,O,1305,200
28,07/08/2022,13,I,1481,221
28,07/08/2022,13,O,1524,243
28,07/08/2022,14,I,1685,286
28,07/08/2022,14,O,1799,286
28,07/08/2022,15,I,1888,326
28,07/08/2022,15,O,2030,327
28,07/08/2022,16,I,1189,190
28,07/08/2022,16,O,2300,314
28,07/08/2022,17,I,1066,184
28,07/08/2022,17,O,2187,318
28,07/08/2022,18,I,1059,194
28,07/08/2022,18,O,1848,268
28,07/08/2022,19,I,1438,273
28,07/08/2022,19,O,1398,229
28,07/08/2022,20,I,918,180
28,07/08/2022,20,O,997,167
28,07/08/2022,21,I,692,152
28,07/08/2022,21,O,850,162
28,07/08/2022,22,I,672,136
28,07/08/2022,22,O,732,95
28,07/08/2022,23,I,514,94
28,07/08/2022,23,O,615,99
29,07/08/2022,0,I,645,160
29,07/08/2022,0,O,783,175
29,07/08/2022,1,I,496,112
29,07/08/2022,1,O,538,133
29,07/08/2022,2,I,325,77
29,07/08/2022,2,O,392,88
29,07/08/2022,3,I,434,89
29,07/08/2022,3,O,387,87
29,07/08/2022,4,I,918,136
29,07/08/2022,4,O,559,118
29,07/08/2022,5,I,2554,353
29,07/08/2022,5,O,1324,175
29,07/08/2022,6,I,3542,539
29,07/08/2022,6,O,2373,317
29,07/08/2022,7,I,2805,456
29,07/08/2022,7,O,2138,342
29,07/08/2022,8,I,2267,363
29,07/08/2022,8,O,2209,343
29,07/08/2022,9,I,2039,334
29,07/08/2022,9,O,2372,413
29,07/08/2022,10,I,2334,417
29,07/08/2022,10,O,2402,413
29,07/08/2022,11,I,2068,395
29,07/08/2022,11,O,2443,437
29,07/08/2022,12,I,2098,360
29,07/08/2022,12,O,2471,475
29,07/08/2022,13,I,2169,411
29,07/08/2022,13,O,3799,678
29,07/08/2022,14,I,2294,414
29,07/08/2022,14,O,3749,671
29,07/08/2022,15,I,2183,388
29,07/08/2022,15,O,3670,659
29,07/08/2022,16,I,2363,347
29,07/08/2022,16,O,3724,713
29,07/08/2022,17,I,2494,456
29,07/08/2022,17,O,3809,692
29,07/08/2022,18,I,2370,453
29,07/08/2022,18,O,3615,634
29,07/08/2022,19,I,2407,504
29,07/08/2022,19,O,3208,637
29,07/08/2022,20,I,2072,442
29,07/08/2022,20,O,2505,503
29,07/08/2022,21,I,1676,397
29,07/08/2022,21,O,1806,383
29,07/08/2022,22,I,878,190
29,07/08/2022,22,O,1444,295
29,07/08/2022,23,I,855,195
29,07/08/2022,23,O,1194,273
30,07/08/2022,0,I,1596,315
30,07/08/2022,0,O,2167,294
30,07/08/2022,1,I,1074,227
30,07/08/2022,1,O,1355,201
30,07/08/2022,2,I,849,170
30,07/08/2022,2,O,844,151
30,07/08/2022,3,I,979,153
30,07/08/2022,3,O,743,136
30,07/08/2022,4,I,2229,217
30,07/08/2022,4,O,942,147
30,07/08/2022,5,I,5469,423
30,07/08/2022,5,O,1906,265
30,07/08/2022,6,I,7732,643
30,07/08/2022,6,O,3293,391
30,07/08/2022,7,I,6532,621
30,07/08/2022,7,O,4121,486
30,07/08/2022,8,I,6144,565
30,07/08/2022,8,O,4650,567
30,07/08/2022,9,I,5650,583
30,07/08/2022,9,O,4529,586
30,07/08/2022,10,I,5040,636
30,07/08/2022,10,O,4538,597
30,07/08/2022,11,I,4639,770
30,07/08/2022,11,O,4628,651
30,07/08/2022,12,I,4701,725
30,07/08/2022,12,O,5450,741
30,07/08/2022,13,I,4479,612
30,07/08/2022,13,O,6132,814
30,07/08/2022,14,I,4753,642
30,07/08/2022,14,O,6692,713
30,07/08/2022,15,I,4921,728
30,07/08/2022,15,O,7139,743
30,07/08/2022,16,I,5255,677
30,07/08/2022,16,O,7666,748
30,07/08/2022,17,I,5139,701
30,07/08/2022,17,O,6898,702
30,07/08/2022,18,I,5364,726
30,07/08/2022,18,O,6605,749
30,07/08/2022,19,I,4576,767
30,07/08/2022,19,O,5792,751
30,07/08/2022,20,I,3840,632
30,07/08/2022,20,O,4697,703
30,07/08/2022,21,I,3350,626
30,07/08/2022,21,O,3879,556
30,07/08/2022,22,I,3080,545
30,07/08/2022,22,O,3333,475
30,07/08/2022,23,I,2458,453
30,07/08/2022,23,O,3387,468
21,07/07/2022,0,I,1625,359
21,07/07/2022,1,I,935,226
21,07/07/2022,2,I,660,174
21,07/07/2022,3,I,806,189
21,07/07/2022,4,I,1633,289
21,07/07/2022,5,I,4306,597
21,07/07/2022,6,I,8252,1293
21,07/07/2022,7,I,8564,1339
21,07/07/2022,8,I,7887,1377
21,07/07/2022,9,I,7106,1282
21,07/07/2022,10,I,6503,1262
21,07/07/2022,11,I,6129,1314
21,07/07/2022,12,I,6388,1255
21,07/07/2022,13,I,6318,1202
21,07/07/2022,14,I,7252,1398
21,07/07/2022,15,I,6898,1271
21,07/07/2022,16,I,6404,1169
21,07/07/2022,17,I,6657,1234
21,07/07/2022,18,I,5784,1155
21,07/07/2022,19,I,5736,1185
21,07/07/2022,20,I,4599,958
21,07/07/2022,21,I,4241,956
21,07/07/2022,22,I,4152,878
21,07/07/2022,23,I,2931,584
22,07/07/2022,0,O,545,119
22,07/07/2022,1,O,251,63
22,07/07/2022,2,O,197,53
22,07/07/2022,3,O,224,48
22,07/07/2022,4,O,546,76
22,07/07/2022,5,O,1060,114
22,07/07/2022,6,O,1252,181
22,07/07/2022,7,O,1687,225
22,07/07/2022,8,O,1809,261
22,07/07/2022,9,O,2079,351
22,07/07/2022,10,O,2139,321
22,07/07/2022,11,O,2262,372
22,07/07/2022,12,O,1806,347
22,07/07/2022,13,O,2192,378
22,07/07/2022,14,O,2651,457
22,07/07/2022,15,O,2506,465
22,07/07/2022,16,O,2393,388
22,07/07/2022,17,O,2950,503
22,07/07/2022,18,O,2575,413
22,07/07/2022,19,O,2075,381
22,07/07/2022,20,O,1788,324
22,07/07/2022,21,O,1483,282
22,07/07/2022,22,O,1079,204
22,07/07/2022,23,O,982,196
23,07/07/2022,0,I,992,243
23,07/07/2022,0,O,832,237
23,07/07/2022,1,I,664,159
23,07/07/2022,1,O,541,150
23,07/07/2022,2,I,446,143
23,07/07/2022,2,O,439,128
23,07/07/2022,3,I,438,94
23,07/07/2022,3,O,667,167
23,07/07/2022,4,I,779,170
23,07/07/2022,4,O,1159,240
23,07/07/2022,5,I,1782,253
23,07/07/2022,5,O,2615,456
23,07/07/2022,6,I,3306,441
23,07/07/2022,6,O,3760,626
23,07/07/2022,7,I,3274,448
23,07/07/2022,7,O,3543,556
